case,radial,beta0,muz,energy_keV,r0,alpha,azimuth,pol,method,tau_reference,reference_uncertainty,tau,absolute_error,relative_error,probability_error,median_us,steps,rhs_calls,field_calls,rate_calls,rejected,event_roots,status
review_O,1,-0.20000000000000001,-0.20000000000000001,1,10,0,0,O,rk,0.46171523920447488,6.9982236096158572e-13,0.46179946600601729,8.422680154240858e-05,0.00018242153256091241,5.3077644198928908e-05,83,50,392,392,392,15,0,"ok"
review_O,1,-0.20000000000000001,-0.20000000000000001,1,10,0,0,O,cap_1pct,0.46171523920447488,6.9982236096158572e-13,0.46171474786495525,4.9133951962598843e-07,1.0641613659374889e-06,3.0964311159564772e-07,874,734,4508,4508,4508,17,0,"ok"
review_O,1,-0.20000000000000001,-0.20000000000000001,1,10,0,0,O,cap_0.1pct,0.46171523920447488,6.9982236096158572e-13,0.46171555791063346,3.1870615857521045e-07,6.9026562589602651e-07,2.0084915353102417e-07,6537,7173,43136,43136,43136,16,0,"ok"
review_O,1,-0.20000000000000001,-0.20000000000000001,1,10,0,0,O,thermal,0.46171523920447488,6.9982236096158572e-13,0.46171848412366467,3.2449191897931939e-06,7.0279664049731553e-06,2.0449505028219406e-06,252,191,1316,1698,1316,28,0,"ok"
review_O,1,-0.20000000000000001,-0.20000000000000001,1,10,0,0,O,event,0.46171523920447488,6.9982236096158572e-13,0.46171523405684234,5.1476325424459901e-09,1.1148933596636851e-08,3.2440471420258632e-09,1043,86,517,5116,1605,0,10,"ok"
review_O,1,-0.20000000000000001,-0.20000000000000001,1,10,0,0,O,event_tight,0.46171523920447488,6.9982236096158572e-13,0.46171523898524486,2.1923002302415284e-10,4.7481651981399037e-10,1.3815915078652097e-10,1675,151,907,7754,2655,0,10,"ok"
review_E,1,-0.20000000000000001,-0.20000000000000001,1,10,0,0,E,rk,4.6623500810787393,1.1382067920442342e-13,4.6616017720778373,0.00074830900090194774,0.00016050038883583999,7.0698558606169248e-06,83,70,590,590,590,28,0,"ok"
review_E,1,-0.20000000000000001,-0.20000000000000001,1,10,0,0,E,cap_1pct,4.6623500810787393,1.1382067920442342e-13,4.6617217187104192,0.00062836236832009007,0.0001347737422957961,5.9362708680343879e-06,605,749,4682,4682,4682,31,0,"ok"
review_E,1,-0.20000000000000001,-0.20000000000000001,1,10,0,0,E,cap_0.1pct,4.6623500810787393,1.1382067920442342e-13,4.6623434922926652,6.5887860740687643e-06,1.413189906268107e-06,6.2226292322012378e-08,5488,7209,43556,43556,43556,50,0,"ok"
review_E,1,-0.20000000000000001,-0.20000000000000001,1,10,0,0,E,thermal,4.6623500810787393,1.1382067920442342e-13,4.6623419901491614,8.0909295778752721e-06,1.7353758163100559e-06,7.6413002571273925e-08,271,224,1670,2118,1670,54,0,"ok"
review_E,1,-0.20000000000000001,-0.20000000000000001,1,10,0,0,E,event,4.6623500810787393,1.1382067920442342e-13,4.6623500219628129,5.911592637630747e-08,1.2679426758667953e-08,5.58305107006829e-10,954,86,517,5206,1695,0,10,"ok"
review_E,1,-0.20000000000000001,-0.20000000000000001,1,10,0,0,E,event_tight,4.6623500810787393,1.1382067920442342e-13,4.6623500796057975,1.4729417685543922e-09,3.1592260189384881e-10,1.3910818677520531e-11,1549,151,907,7814,2715,0,10,"ok"
grid0_O,1,-0.75,-0.80000000000000004,0.10000000000000001,10,0,0,O,rk,0.1422968616253863,9.152897833868433e-13,0.14230505439950181,8.1927741155118916e-06,5.7575227042465358e-05,7.1060860168392637e-06,47,45,344,344,344,12,0,"ok"
grid0_O,1,-0.75,-0.80000000000000004,0.10000000000000001,10,0,0,O,cap_1pct,0.1422968616253863,9.152897833868433e-13,0.14223480304635772,6.2058579028578809e-05,0.00043612050413280041,5.3829030921992427e-05,575,726,4400,4400,4400,7,0,"ok"
grid0_O,1,-0.75,-0.80000000000000004,0.10000000000000001,10,0,0,O,cap_0.1pct,0.1422968616253863,9.152897833868433e-13,0.14229681691909202,4.4706294277663261e-08,3.1417624933540691e-07,3.8776619026847925e-08,5563,7168,43100,43100,43100,15,0,"ok"
grid0_O,1,-0.75,-0.80000000000000004,0.10000000000000001,10,0,0,O,thermal,0.1422968616253863,9.152897833868433e-13,0.14229865647461071,1.7948492244124203e-06,1.2613413984755181e-05,1.5567857232223759e-06,125,110,776,996,776,19,0,"ok"
grid0_O,1,-0.75,-0.80000000000000004,0.10000000000000001,10,0,0,O,event,0.1422968616253863,9.152897833868433e-13,0.14229686161469338,1.0692918772647886e-11,7.5145148322373324e-11,9.2745811031136327e-12,866,86,517,4395,1440,0,10,"ok"
grid0_O,1,-0.75,-0.80000000000000004,0.10000000000000001,10,0,0,O,event_tight,0.1422968616253863,9.152897833868433e-13,0.14229686162200769,3.3786029529636608e-12,2.3743341310353293e-11,2.9304336734981007e-12,1524,151,907,7491,2655,0,10,"ok"
grid0_E,1,-0.75,-0.80000000000000004,0.10000000000000001,10,0,0,E,rk,0.18840749914882154,2.0755892544421635e-13,0.18798200697498757,0.00042549217383397453,0.0022583611361344049,0.00035250041848955416,65,51,476,476,476,28,0,"ok"
grid0_E,1,-0.75,-0.80000000000000004,0.10000000000000001,10,0,0,E,cap_1pct,0.18840749914882154,2.0755892544421635e-13,0.18807443747716723,0.00033306167165431111,0.0017677729026657713,0.00027591330644860523,554,725,4418,4418,4418,11,0,"ok"
grid0_E,1,-0.75,-0.80000000000000004,0.10000000000000001,10,0,0,E,cap_0.1pct,0.18840749914882154,2.0755892544421635e-13,0.18840438893650224,3.1102123193016418e-06,1.6507900870999357e-05,2.5761216968511746e-06,5572,7181,43232,43232,43232,24,0,"ok"
grid0_E,1,-0.75,-0.80000000000000004,0.10000000000000001,10,0,0,E,thermal,0.18840749914882154,2.0755892544421635e-13,0.18840493956927629,2.559579545258206e-06,1.35853379341149e-05,2.1200438776736164e-06,169,132,1034,1298,1034,40,0,"ok"
grid0_E,1,-0.75,-0.80000000000000004,0.10000000000000001,10,0,0,E,event,0.18840749914882154,2.0755892544421635e-13,0.18840749913479468,1.4026863004446e-11,7.4449600296250924e-11,1.1618039863492413e-11,891,86,517,4485,1530,0,10,"ok"
grid0_E,1,-0.75,-0.80000000000000004,0.10000000000000001,10,0,0,E,event_tight,0.18840749914882154,2.0755892544421635e-13,0.18840749914516855,3.6529945734997682e-12,1.9388796040513746e-11,3.0256908090109391e-12,1499,151,907,7461,2625,0,10,"ok"
grid1_O,1,-0.75,-0.80000000000000004,1,10,0,0,O,rk,0.14416435049885909,9.2418379690893892e-13,0.14413861604489397,2.5734453965114978e-05,0.00017850775088338249,2.2279773123523583e-05,52,50,380,380,380,13,0,"ok"
grid1_O,1,-0.75,-0.80000000000000004,1,10,0,0,O,cap_1pct,0.14416435049885909,9.2418379690893892e-13,0.14418770542850812,2.3354929649027634e-05,0.00016200211472677819,2.0219187984560349e-05,561,723,4382,4382,4382,7,0,"ok"
grid1_O,1,-0.75,-0.80000000000000004,1,10,0,0,O,cap_0.1pct,0.14416435049885909,9.2418379690893892e-13,0.14416331015864925,1.0403402098402292e-06,7.2163486065749831e-06,9.0067027236351294e-07,5442,7167,43088,43088,43088,14,0,"ok"
grid1_O,1,-0.75,-0.80000000000000004,1,10,0,0,O,thermal,0.14416435049885909,9.2418379690893892e-13,0.14416380093009906,5.495687600276522e-07,3.8120988866245507e-06,4.7578678463722213e-07,137,115,860,1090,860,28,0,"ok"
grid1_O,1,-0.75,-0.80000000000000004,1,10,0,0,O,event,0.14416435049885909,9.2418379690893892e-13,0.1441643505571773,5.8318211371144457e-11,4.0452588430734121e-10,5.0488724312458544e-11,942,86,517,5273,1650,0,10,"ok"
grid1_O,1,-0.75,-0.80000000000000004,1,10,0,0,O,event_tight,0.14416435049885909,9.2418379690893892e-13,0.1441643505022028,3.3437141944148152e-12,2.3193765884869557e-11,2.8947955144076332e-12,1613,151,907,8321,2820,0,10,"ok"
grid1_E,1,-0.75,-0.80000000000000004,1,10,0,0,E,rk,0.19083205068069461,2.1146942224185233e-13,0.19061462495478598,0.00021742572590863207,0.0011393564400376053,0.00017967217965109139,62,52,458,458,458,24,0,"ok"
grid1_E,1,-0.75,-0.80000000000000004,1,10,0,0,E,cap_1pct,0.19083205068069461,2.1146942224185233e-13,0.190706642654904,0.00012540802579061316,0.0006571643774894464,0.00010362755627413289,552,724,4400,4400,4400,9,0,"ok"
grid1_E,1,-0.75,-0.80000000000000004,1,10,0,0,E,cap_0.1pct,0.19083205068069461,2.1146942224185233e-13,0.19082932025550492,2.7304251896953513e-06,1.4308001092877071e-05,2.2560751827827019e-06,5509,7180,43226,43226,43226,24,0,"ok"
grid1_E,1,-0.75,-0.80000000000000004,1,10,0,0,E,thermal,0.19083205068069461,2.1146942224185233e-13,0.1908309448868335,1.1057938611169771e-06,5.7945919313481644e-06,9.1368628973853561e-07,160,130,998,1258,998,36,0,"ok"
grid1_E,1,-0.75,-0.80000000000000004,1,10,0,0,E,event,0.19083205068069461,2.1146942224185233e-13,0.19083205075441284,7.3718225968022466e-11,3.8629897705899418e-10,6.0911165000732126e-11,972,86,517,5303,1680,0,10,"ok"
grid1_E,1,-0.75,-0.80000000000000004,1,10,0,0,E,event_tight,0.19083205068069461,2.1146942224185233e-13,0.19083205068446193,3.7673197894605437e-12,1.9741546433225337e-11,3.1127322941415514e-12,1579,151,907,8291,2790,0,10,"ok"
grid2_O,1,-0.75,-0.80000000000000004,10,10,0,0,O,rk,0.14863914909517861,9.4510789746606346e-13,0.14857219521418019,6.6953880998421589e-05,0.00045044580385446623,5.7708147445101332e-05,47,47,350,350,350,11,0,"ok"
grid2_O,1,-0.75,-0.80000000000000004,10,10,0,0,O,cap_1pct,0.14863914909517861,9.4510789746606346e-13,0.14868032989738822,4.1180802209606071e-05,0.00027705219291343378,3.5492181846286108e-05,561,724,4400,4400,4400,9,0,"ok"
grid2_O,1,-0.75,-0.80000000000000004,10,10,0,0,O,cap_0.1pct,0.14863914909517861,9.4510789746606346e-13,0.14863776567340237,1.3834217762465073e-06,9.3072503756103718e-06,1.1923444808159545e-06,5389,7168,43064,43064,43064,9,0,"ok"
grid2_O,1,-0.75,-0.80000000000000004,10,10,0,0,O,thermal,0.14863914909517861,9.4510789746606346e-13,0.14864024196730252,1.0928721239089612e-06,7.3525187042692137e-06,9.4192418675920209e-07,133,115,836,1066,836,24,0,"ok"
grid2_O,1,-0.75,-0.80000000000000004,10,10,0,0,O,event,0.14863914909517861,9.4510789746606346e-13,0.14863914911296561,1.7786994099822095e-11,1.1966560766862631e-10,1.5330181568629087e-11,1098,86,517,7031,1995,0,10,"ok"
grid2_O,1,-0.75,-0.80000000000000004,10,10,0,0,O,event_tight,0.14863914909517861,9.4510789746606346e-13,0.14863914909772891,2.5502933098664471e-12,1.7157615106053985e-11,2.1980195441528849e-12,1819,151,907,10780,3330,0,10,"ok"
grid2_E,1,-0.75,-0.80000000000000004,10,10,0,0,E,rk,0.19663401998437199,2.2064521131393436e-13,0.19642779762943507,0.00020622235493691909,0.001048762340073753,0.00016942732478175682,65,52,452,452,452,23,0,"ok"
grid2_E,1,-0.75,-0.80000000000000004,10,10,0,0,E,cap_1pct,0.19663401998437199,2.2064521131393436e-13,0.19648213559136296,0.000151884393009033,0.00077242174584593452,0.00012478117239422826,544,725,4406,4406,4406,9,0,"ok"
grid2_E,1,-0.75,-0.80000000000000004,10,10,0,0,E,cap_0.1pct,0.19663401998437199,2.2064521131393436e-13,0.1966306161854543,3.4037989176949335e-06,1.7310325639304223e-05,2.7961957104194468e-06,5390,7180,43250,43250,43250,28,0,"ok"
grid2_E,1,-0.75,-0.80000000000000004,10,10,0,0,E,thermal,0.19663401998437199,2.2064521131393436e-13,0.19663424802429397,2.2803992197339973e-07,1.1597175401872159e-06,1.8733277418192529e-07,164,135,1040,1310,1040,38,0,"ok"
grid2_E,1,-0.75,-0.80000000000000004,10,10,0,0,E,event,0.19663401998437199,2.2064521131393436e-13,0.19663402000965893,2.5286939209223647e-11,1.285990044410087e-10,2.0773049946853916e-11,1121,86,517,7031,1995,0,10,"ok"
grid2_E,1,-0.75,-0.80000000000000004,10,10,0,0,E,event_tight,0.19663401998437199,2.2064521131393436e-13,0.19663401998770844,3.3364422336035204e-12,1.6967777162205669e-11,2.7409186031945865e-12,1805,151,907,10780,3330,0,10,"ok"
grid3_O,1,-0.75,-0.20000000000000001,0.10000000000000001,10,0,0,O,rk,0.12132549430935233,1.075172435627248e-13,0.12133394691552557,8.4526061732426161e-06,6.9668837710979345e-05,7.4868271483508053e-06,53,49,392,392,392,16,0,"ok"
grid3_O,1,-0.75,-0.20000000000000001,0.10000000000000001,10,0,0,O,cap_1pct,0.12132549430935233,1.075172435627248e-13,0.12131796985976462,7.5244495877091477e-06,6.2018701267546611e-05,6.6647732456237563e-06,581,728,4436,4436,4436,11,0,"ok"
grid3_O,1,-0.75,-0.20000000000000001,0.10000000000000001,10,0,0,O,cap_0.1pct,0.12132549430935233,1.075172435627248e-13,0.12132629471156764,8.0040221531185729e-07,6.5971477789409556e-06,7.0895246273572354e-07,5484,7172,43172,43172,43172,23,0,"ok"
grid3_O,1,-0.75,-0.20000000000000001,0.10000000000000001,10,0,0,O,thermal,0.12132549430935233,1.075172435627248e-13,0.12132646331348262,9.6900413029676891e-07,7.9868137839688456e-06,8.5829073626086938e-07,355,310,1964,2584,1964,17,0,"ok"
grid3_O,1,-0.75,-0.20000000000000001,0.10000000000000001,10,0,0,O,event,0.12132549430935233,1.075172435627248e-13,0.12132549449585675,1.8650442301648695e-10,1.5372236814543136e-09,1.6519541290449524e-10,896,86,517,4703,1740,0,10,"ok"
grid3_O,1,-0.75,-0.20000000000000001,0.10000000000000001,10,0,0,O,event_tight,0.12132549430935233,1.075172435627248e-13,0.12132549430363161,5.7207155679250832e-12,4.7151801033165903e-11,5.0670578843892145e-12,1561,151,907,7768,2925,0,10,"ok"
grid3_E,1,-0.75,-0.20000000000000001,0.10000000000000001,10,0,0,E,rk,0.89884994048657685,1.7635821051861359e-13,0.89868727349962152,0.00016266698695532877,0.00018097235103255592,6.6216950517450357e-05,98,79,716,716,716,40,0,"ok"
grid3_E,1,-0.75,-0.20000000000000001,0.10000000000000001,10,0,0,E,cap_1pct,0.89884994048657685,1.7635821051861359e-13,0.89864498102077972,0.00020495946579712765,0.00022802411900497695,8.3434740281163045e-05,610,757,4748,4748,4748,34,0,"ok"
grid3_E,1,-0.75,-0.20000000000000001,0.10000000000000001,10,0,0,E,cap_0.1pct,0.89884994048657685,1.7635821051861359e-13,0.89884739432173788,2.5461648389679681e-06,2.8326917812217309e-06,1.0363859104800532e-06,5581,7224,43730,43730,43730,64,0,"ok"
grid3_E,1,-0.75,-0.20000000000000001,0.10000000000000001,10,0,0,E,thermal,0.89884994048657685,1.7635821051861359e-13,0.89884940956806769,5.3091850915620853e-07,5.9066423130517757e-07,2.1610380429581966e-07,453,372,2648,3392,2648,69,0,"ok"
grid3_E,1,-0.75,-0.20000000000000001,0.10000000000000001,10,0,0,E,event,0.89884994048657685,1.7635821051861359e-13,0.89884994412913644,3.6425595872913163e-09,4.0524668503838139e-09,1.4826583849547603e-09,908,86,517,4673,1710,0,10,"ok"
grid3_E,1,-0.75,-0.20000000000000001,0.10000000000000001,10,0,0,E,event_tight,0.89884994048657685,1.7635821051861359e-13,0.89884994037814336,1.0843348441369471e-10,1.2063580307408834e-10,4.4136527765914479e-11,1588,151,907,7858,3015,0,10,"ok"
grid4_O,1,-0.75,-0.20000000000000001,1,10,0,0,O,rk,0.12355169768747679,1.1004849671100148e-13,0.12338465606558169,0.00016704162189509764,0.0013519977873361832,0.00014763969887265915,57,50,398,398,398,16,0,"ok"
grid4_O,1,-0.75,-0.20000000000000001,1,10,0,0,O,cap_1pct,0.12355169768747679,1.1004849671100148e-13,0.12345128333745148,0.00010041435002530741,0.00081273144687420531,8.8748243400660343e-05,556,726,4436,4436,4436,13,0,"ok"
grid4_O,1,-0.75,-0.20000000000000001,1,10,0,0,O,cap_0.1pct,0.12355169768747679,1.1004849671100148e-13,0.12355011803411498,1.5796533618106512e-06,1.2785363466282544e-05,1.3960607545548953e-06,5475,7172,43136,43136,43136,17,0,"ok"
grid4_O,1,-0.75,-0.20000000000000001,1,10,0,0,O,thermal,0.12355169768747679,1.1004849671100148e-13,0.12355105126223453,6.4642524225111408e-07,5.2320223384242157e-06,5.7129526775945294e-07,345,309,2024,2642,2024,28,0,"ok"
grid4_O,1,-0.75,-0.20000000000000001,1,10,0,0,O,event,0.12355169768747679,1.1004849671100148e-13,0.12355169734319699,3.4427979911377804e-10,2.7865242287858445e-09,3.0426616781653593e-10,971,86,517,5358,1845,0,10,"ok"
grid4_O,1,-0.75,-0.20000000000000001,1,10,0,0,O,event_tight,0.12355169768747679,1.1004849671100148e-13,0.12355169767851869,8.958098152156424e-12,7.2504856831800681e-11,7.9170003886019913e-12,1614,151,907,8173,3075,0,10,"ok"
grid4_E,1,-0.75,-0.20000000000000001,1,10,0,0,E,rk,0.91430488869722693,1.7795874424869662e-13,0.91424903239318889,5.5856304038037763e-05,6.1091551328820069e-05,2.2387559680536739e-05,100,82,734,734,734,40,0,"ok"
grid4_E,1,-0.75,-0.20000000000000001,1,10,0,0,E,cap_1pct,0.91430488869722693,1.7795874424869662e-13,0.9142671865482942,3.770214893272783e-05,4.1235860596183401e-05,1.511112241020518e-05,612,758,4766,4766,4766,36,0,"ok"
grid4_E,1,-0.75,-0.20000000000000001,1,10,0,0,E,cap_0.1pct,0.91430488869722693,1.7795874424869662e-13,0.914302455924911,2.4327723159300874e-06,2.6607889184498306e-06,9.7504447416074669e-07,5545,7223,43730,43730,43730,65,0,"ok"
grid4_E,1,-0.75,-0.20000000000000001,1,10,0,0,E,thermal,0.91430488869722693,1.7795874424869662e-13,0.91430512834543398,2.396482070565753e-07,2.6210972949958171e-07,9.6049821929344859e-08,444,369,2696,3434,2696,80,0,"ok"
grid4_E,1,-0.75,-0.20000000000000001,1,10,0,0,E,event,0.91430488869722693,1.7795874424869662e-13,0.91430488013987288,8.5573540475891718e-09,9.3594097038924931e-09,3.4297458206822284e-09,982,86,517,5328,1815,0,10,"ok"
grid4_E,1,-0.75,-0.20000000000000001,1,10,0,0,E,event_tight,0.91430488869722693,1.7795874424869662e-13,0.91430488876052274,6.32958130353245e-11,6.9228343649691431e-11,2.5368651623836058e-11,1640,151,907,8203,3105,0,10,"ok"
grid5_O,1,-0.75,-0.20000000000000001,10,10,0,0,O,rk,0.12905678608633089,1.1641909276731494e-13,0.12896899213643154,8.7793949899356294e-05,0.00068027379699838212,7.7167601690519838e-05,51,51,386,386,386,13,0,"ok"
grid5_O,1,-0.75,-0.20000000000000001,10,10,0,0,O,cap_1pct,0.12905678608633089,1.1641909276731494e-13,0.12919574970851355,0.00013896362218265845,0.0010767633876276796,0.0001221299840848955,561,727,4436,4436,4436,12,0,"ok"
grid5_O,1,-0.75,-0.20000000000000001,10,10,0,0,O,cap_0.1pct,0.12905678608633089,1.1641909276731494e-13,0.12905983976412994,3.0536777990419761e-06,2.3661505075752136e-05,2.6839467711647913e-06,5341,7170,43142,43142,43142,20,0,"ok"
grid5_O,1,-0.75,-0.20000000000000001,10,10,0,0,O,thermal,0.12905678608633089,1.1641909276731494e-13,0.12905766230133653,8.7621500563517252e-07,6.7893756865217425e-06,7.7012610710802676e-07,343,309,2030,2648,2030,29,0,"ok"
grid5_O,1,-0.75,-0.20000000000000001,10,10,0,0,O,event,0.12905678608633089,1.1641909276731494e-13,0.12905678601122514,7.5105754948623371e-11,5.8195897500796534e-10,6.601219570967487e-11,1016,86,517,5854,1965,0,10,"ok"
grid5_O,1,-0.75,-0.20000000000000001,10,10,0,0,O,event_tight,0.12905678608633089,1.1641909276731494e-13,0.12905678608298318,3.3477109973034658e-12,2.5939829270690633e-11,2.9423130598615899e-12,1768,151,907,9439,3420,0,10,"ok"
grid5_E,1,-0.75,-0.20000000000000001,10,10,0,0,E,rk,0.95223614429213321,1.8180797762031729e-13,0.95220494434615854,3.1199945974669241e-05,3.2764925130900638e-05,1.2039535012997593e-05,99,79,728,728,728,42,0,"ok"
grid5_E,1,-0.75,-0.20000000000000001,10,10,0,0,E,cap_1pct,0.95223614429213321,1.8180797762031729e-13,0.95204278108846963,0.00019336320366358795,0.00020306223915426876,7.4621662232765562e-05,589,756,4760,4760,4760,37,0,"ok"
grid5_E,1,-0.75,-0.20000000000000001,10,10,0,0,E,cap_0.1pct,0.95223614429213321,1.8180797762031729e-13,0.95223599604692299,1.4824521021861159e-07,1.5568114181258378e-07,5.7204448011827225e-08,5448,7222,43742,43742,43742,68,0,"ok"
grid5_E,1,-0.75,-0.20000000000000001,10,10,0,0,E,thermal,0.95223614429213321,1.8180797762031729e-13,0.95223382357304776,2.3207190854579451e-06,2.4371256010063612e-06,8.9551357751460614e-07,434,366,2582,3314,2582,64,0,"ok"
grid5_E,1,-0.75,-0.20000000000000001,10,10,0,0,E,event,0.95223614429213321,1.8180797762031729e-13,0.95223614706434045,2.77220724154148e-09,2.9112602563540208e-09,1.0697315255825401e-09,1019,86,517,5794,1905,0,10,"ok"
grid5_E,1,-0.75,-0.20000000000000001,10,10,0,0,E,event_tight,0.95223614429213321,1.8180797762031729e-13,0.95223614448298755,1.9085433233811955e-10,2.0042752365800558e-10,7.3646366782753603e-11,1719,151,907,9469,3450,0,10,"ok"
grid6_O,1,-0.75,0,0.10000000000000001,10,0,0,O,rk,0.3662549768923114,8.123156432246117e-13,0.36621755483356755,3.7422058743852293e-05,0.0001021748811753495,2.5946171648527638e-05,33,44,314,314,314,8,0,"ok"
grid6_O,1,-0.75,0,0.10000000000000001,10,0,0,O,cap_1pct,0.3662549768923114,8.123156432246117e-13,0.36626099965674463,6.0227644332333519e-06,1.644418455234863e-05,4.1757265779596153e-06,422,723,4370,4370,4370,5,0,"ok"
grid6_O,1,-0.75,0,0.10000000000000001,10,0,0,O,cap_0.1pct,0.3662549768923114,8.123156432246117e-13,0.36625685026402821,1.8733717168095687e-06,5.1149385947058113e-06,1.2988560958993034e-06,4178,7161,42968,42968,42968,0,0,"ok"
grid6_O,1,-0.75,0,0.10000000000000001,10,0,0,O,thermal,0.3662549768923114,8.123156432246117e-13,0.36625612662372664,1.1497314152397742e-06,3.139155746074204e-06,7.9713822098703702e-07,148,170,1070,1410,1070,8,0,"ok"
grid6_O,1,-0.75,0,0.10000000000000001,10,0,0,O,event,0.3662549768923114,8.123156432246117e-13,0.36625497683464564,5.7665761055147868e-11,1.5744703742852652e-10,3.9981129518196212e-11,776,86,517,4583,1635,0,10,"ok"
grid6_O,1,-0.75,0,0.10000000000000001,10,0,0,O,event_tight,0.3662549768923114,8.123156432246117e-13,0.36625497689077829,1.5331069747048787e-12,4.1859007288129013e-12,1.0629275237761249e-12,1339,151,907,7795,2970,0,10,"ok"
grid6_E,1,-0.75,0,0.10000000000000001,10,0,0,E,rk,1.1791295470488068,8.2159776226801226e-13,1.1790134506160534,0.00011609643275334314,9.8459438188039605e-05,3.5707104133420042e-05,65,69,590,590,590,29,0,"ok"
grid6_E,1,-0.75,0,0.10000000000000001,10,0,0,E,cap_1pct,1.1791295470488068,8.2159776226801226e-13,1.179031373812919,9.8173235887788479e-05,8.3259075420086026e-05,3.0194300192354362e-05,452,746,4616,4616,4616,23,0,"ok"
grid6_E,1,-0.75,0,0.10000000000000001,10,0,0,E,cap_0.1pct,1.1791295470488068,8.2159776226801226e-13,1.1791279393333192,1.6077154876281696e-06,1.3634765506911878e-06,4.9444739008697169e-07,4357,7208,43514,43514,43514,44,0,"ok"
grid6_E,1,-0.75,0,0.10000000000000001,10,0,0,E,thermal,1.1791295470488068,8.2159776226801226e-13,1.1791291537785606,3.9327024614621564e-07,3.3352590233237309e-07,1.209488433850936e-07,237,226,1688,2140,1688,55,0,"ok"
grid6_E,1,-0.75,0,0.10000000000000001,10,0,0,E,event,1.1791295470488068,8.2159776226801226e-13,1.179129544875597,2.1732098343107964e-09,1.8430628252425961e-09,6.6836269851933139e-10,727,86,517,4583,1635,0,10,"ok"
grid6_E,1,-0.75,0,0.10000000000000001,10,0,0,E,event_tight,1.1791295470488068,8.2159776226801226e-13,1.1791295469654726,8.333422840678395e-11,7.0674361960785097e-11,2.562910994541312e-11,1292,151,907,7765,2940,0,10,"ok"
grid7_O,1,-0.75,0,1,10,0,0,O,rk,0.37390773555866741,8.2929051211961121e-13,0.3738224903211147,8.5245237552711295e-05,0.00022798468564803475,5.8654666519331045e-05,30,43,290,290,290,5,0,"ok"
grid7_O,1,-0.75,0,1,10,0,0,O,cap_1pct,0.37390773555866741,8.2929051211961121e-13,0.37384106223400582,6.6673324661592481e-05,0.00017831491119586963,4.5875469658285262e-05,417,722,4346,4346,4346,2,0,"ok"
grid7_O,1,-0.75,0,1,10,0,0,O,cap_0.1pct,0.37390773555866741,8.2929051211961121e-13,0.37390779645930483,6.090063742192342e-08,1.6287610988023514e-07,4.1902097125401383e-08,4169,7163,42998,42998,42998,3,0,"ok"
grid7_O,1,-0.75,0,1,10,0,0,O,thermal,0.37390773555866741,8.2929051211961121e-13,0.37390732442460373,4.1113406368253891e-07,1.0995601978339668e-06,2.8287689990413867e-07,143,170,1076,1416,1076,9,0,"ok"
grid7_O,1,-0.75,0,1,10,0,0,O,event,0.37390773555866741,8.2929051211961121e-13,0.37390773551623635,4.2431058666636545e-11,1.134800236299978e-10,2.9194202610938191e-11,730,86,517,4592,1635,0,10,"ok"
grid7_O,1,-0.75,0,1,10,0,0,O,event_tight,0.37390773555866741,8.2929051211961121e-13,0.37390773555658352,2.0838886172214188e-12,5.5732696038176763e-12,1.4337420140009272e-12,1311,151,907,7779,2940,0,10,"ok"
grid7_E,1,-0.75,0,1,10,0,0,E,rk,1.2018467166410411,8.3945106025114061e-13,1.2017585298497862,8.8186791254996066e-05,7.33760720347627e-05,2.651351412180647e-05,65,70,596,596,596,29,0,"ok"
grid7_E,1,-0.75,0,1,10,0,0,E,cap_1pct,1.2018467166410411,8.3945106025114061e-13,1.2016785065180779,0.00016821012296319715,0.00013995971419160347,5.0574693332305909e-05,451,745,4604,4604,4604,22,0,"ok"
grid7_E,1,-0.75,0,1,10,0,0,E,cap_0.1pct,1.2018467166410411,8.3945106025114061e-13,1.2018453141881005,1.4024529406686526e-06,1.1669149827927076e-06,4.2163165087094612e-07,4256,7208,43514,43514,43514,44,0,"ok"
grid7_E,1,-0.75,0,1,10,0,0,E,thermal,1.2018467166410411,8.3945106025114061e-13,1.2018441746761586,2.5419648825852903e-06,2.1150491550949636e-06,7.6421349293198659e-07,225,221,1670,2112,1670,57,0,"ok"
grid7_E,1,-0.75,0,1,10,0,0,E,event,1.2018467166410411,8.3945106025114061e-13,1.2018467200552214,3.4141802718323788e-09,2.8407784658050542e-09,1.0264340488674861e-09,723,86,517,4562,1605,0,10,"ok"
grid7_E,1,-0.75,0,1,10,0,0,E,event_tight,1.2018467166410411,8.3945106025114061e-13,1.2018467166436113,2.5701663020072374e-12,2.1385142268312042e-12,7.7265971398787769e-13,1273,151,907,7839,3000,0,10,"ok"
grid8_O,1,-0.75,0,10,10,0,0,O,rk,0.39314584863428709,8.7012794876504497e-13,0.39318113164295809,3.5283008671005422e-05,8.974534207488593e-05,2.3813151621698836e-05,28,42,284,284,284,5,0,"ok"
grid8_O,1,-0.75,0,10,10,0,0,O,cap_1pct,0.39314584863428709,8.7012794876504497e-13,0.39313585061793399,9.998016353096606e-06,2.5430807390762966e-05,6.747997937317507e-06,404,722,4340,4340,4340,1,0,"ok"
grid8_O,1,-0.75,0,10,10,0,0,O,cap_0.1pct,0.39314584863428709,8.7012794876504497e-13,0.39314547250468812,3.7612959896682341e-07,9.5671771754280294e-07,2.5386131186078131e-07,3982,7164,43028,43028,43028,7,0,"ok"
grid8_O,1,-0.75,0,10,10,0,0,O,thermal,0.39314584863428709,8.7012794876504497e-13,0.39314538122947595,4.6740481113305421e-07,1.1888840051515957e-06,3.1546574441598807e-07,134,165,1058,1388,1058,11,0,"ok"
grid8_O,1,-0.75,0,10,10,0,0,O,event,0.39314584863428709,8.7012794876504497e-13,0.39314584886378146,2.294943679537198e-10,5.837384999763803e-10,1.5489265425827625e-10,722,86,517,4600,1665,0,10,"ok"
grid8_O,1,-0.75,0,10,10,0,0,O,event_tight,0.39314584863428709,8.7012794876504497e-13,0.39314584863234231,1.9447776722358867e-12,4.9467078922279596e-12,1.3126166820143226e-12,1299,151,907,7841,3030,0,10,"ok"
grid8_E,1,-0.75,0,10,10,0,0,E,rk,1.2583678414654149,8.8316017076835133e-13,1.2581608467672381,0.00020699469817686555,0.00016449458684180353,5.8816877023748493e-05,61,69,578,578,578,27,0,"ok"
grid8_E,1,-0.75,0,10,10,0,0,E,cap_1pct,1.2583678414654149,8.8316017076835133e-13,1.2581319400402142,0.0002359014252006908,0.00018746619027229354,6.7031599297107114e-05,433,745,4622,4622,4622,25,0,"ok"
grid8_E,1,-0.75,0,10,10,0,0,E,cap_0.1pct,1.2583678414654149,8.8316017076835133e-13,1.2583659125696172,1.9288957977536825e-06,1.53285528618358e-06,5.4803333515707209e-07,4057,7209,43502,43502,43502,41,0,"ok"
grid8_E,1,-0.75,0,10,10,0,0,E,thermal,1.2583678414654149,8.8316017076835133e-13,1.2583664298253203,1.4116400945951568e-06,1.1218024238057854e-06,4.0107175819370511e-07,209,218,1640,2076,1640,55,0,"ok"
grid8_E,1,-0.75,0,10,10,0,0,E,event,1.2583678414654149,8.8316017076835133e-13,1.2583678440144725,2.5490576316400393e-09,2.0256856124609553e-09,7.2423150809797221e-10,731,86,517,4630,1695,0,10,"ok"
grid8_E,1,-0.75,0,10,10,0,0,E,event_tight,1.2583678414654149,8.8316017076835133e-13,1.2583678414537827,1.1632250718207615e-11,9.243919253897524e-12,3.3049674108553972e-12,1314,151,907,7931,3120,0,10,"ok"
grid9_O,1,-0.75,0.20000000000000001,0.10000000000000001,10,0,0,O,rk,0.78096748907797153,1.0755060861755844e-12,0.78092524784121575,4.2241236755780065e-05,5.4088342148084876e-05,1.9345320388497456e-05,48,47,362,362,362,13,0,"ok"
grid9_O,1,-0.75,0.20000000000000001,0.10000000000000001,10,0,0,O,cap_1pct,0.78096748907797153,1.0755060861755844e-12,0.78091682299572107,5.0666082250461209e-05,6.4876045365574395e-05,2.3203764806523086e-05,566,727,4424,4424,4424,10,0,"ok"
grid9_O,1,-0.75,0.20000000000000001,0.10000000000000001,10,0,0,O,cap_0.1pct,0.78096748907797153,1.0755060861755844e-12,0.78096671770477766,7.713731938752133e-07,9.8771485966197456e-07,3.5326030450866241e-07,5517,7170,43100,43100,43100,13,0,"ok"
grid9_O,1,-0.75,0.20000000000000001,0.10000000000000001,10,0,0,O,thermal,0.78096748907797153,1.0755060861755844e-12,0.78096820753275586,7.1845478433196774e-07,9.199547924590206e-07,3.2902539121026919e-07,166,142,944,1228,944,15,0,"ok"
grid9_O,1,-0.75,0.20000000000000001,0.10000000000000001,10,0,0,O,event,0.78096748907797153,1.0755060861755844e-12,0.78096748900077795,7.7193584857582209e-11,9.8843531820663574e-11,3.5351777061265466e-11,901,86,517,4607,1650,0,10,"ok"
grid9_O,1,-0.75,0.20000000000000001,0.10000000000000001,10,0,0,O,event_tight,0.78096748907797153,1.0755060861755844e-12,0.7809674890815782,3.6066705177972835e-12,4.6182082714549396e-12,1.6517343048860766e-12,1595,151,907,7889,3045,0,10,"ok"
grid9_E,1,-0.75,0.20000000000000001,0.10000000000000001,10,0,0,E,rk,1.3440468603237958,1.0922047466865591e-12,1.3440711347876555,2.4274463859663697e-05,1.8060727327480019e-05,6.3304158575139269e-06,57,50,398,398,398,16,0,"ok"
grid9_E,1,-0.75,0.20000000000000001,0.10000000000000001,10,0,0,E,cap_1pct,1.3440468603237958,1.0922047466865591e-12,1.344105718764284,5.8858440488140928e-05,4.3791955642053488e-05,1.53491325000088e-05,561,728,4436,4436,4436,11,0,"ok"
grid9_E,1,-0.75,0.20000000000000001,0.10000000000000001,10,0,0,E,cap_0.1pct,1.3440468603237958,1.0922047466865591e-12,1.3440459531122348,9.0721156098538813e-07,6.7498506768345176e-07,2.3659013831389686e-07,5507,7171,43124,43124,43124,16,0,"ok"
grid9_E,1,-0.75,0.20000000000000001,0.10000000000000001,10,0,0,E,thermal,1.3440468603237958,1.0922047466865591e-12,1.3440472160632946,3.5573949874745381e-07,2.6467789870194871e-07,9.277263174345407e-08,176,151,1070,1372,1070,27,0,"ok"
grid9_E,1,-0.75,0.20000000000000001,0.10000000000000001,10,0,0,E,event,1.3440468603237958,1.0922047466865591e-12,1.3440468600978772,2.2591861714715833e-10,1.6808834856601057e-10,5.8916926892749188e-11,924,86,517,4637,1680,0,10,"ok"
grid9_E,1,-0.75,0.20000000000000001,0.10000000000000001,10,0,0,E,event_tight,1.3440468603237958,1.0922047466865591e-12,1.344046860346116,2.2320145731669072e-11,1.6606672275021646e-11,5.8208438069584645e-12,1577,151,907,7799,2955,0,10,"ok"
grid10_O,1,-0.75,0.20000000000000001,1,10,0,0,O,rk,0.79775525652950274,1.1011681739661927e-12,0.79777041290088824,1.5156371385494083e-05,1.8998773447672753e-05,6.8254492449071336e-06,49,47,374,374,374,15,0,"ok"
grid10_O,1,-0.75,0.20000000000000001,1,10,0,0,O,cap_1pct,0.79775525652950274,1.1011681739661927e-12,0.79775193565994218,3.3208695605635441e-06,4.1627673818288797e-06,1.4955186479759242e-06,562,726,4436,4436,4436,13,0,"ok"
grid10_O,1,-0.75,0.20000000000000001,1,10,0,0,O,cap_0.1pct,0.79775525652950274,1.1011681739661927e-12,0.79775469630058937,5.6022891337104141e-07,7.0225662417847431e-07,2.5229284539296515e-07,5439,7168,43088,43088,43088,13,0,"ok"
grid10_O,1,-0.75,0.20000000000000001,1,10,0,0,O,thermal,0.79775525652950274,1.1011681739661927e-12,0.79775584952623424,5.9299673149659782e-07,7.4333165045671813e-07,2.670493129408591e-07,158,144,998,1286,998,22,0,"ok"
grid10_O,1,-0.75,0.20000000000000001,1,10,0,0,O,event,0.79775525652950274,1.1011681739661927e-12,0.79775525690120341,3.7170067024305808e-10,4.6593321347712328e-10,1.6739115649144765e-10,966,86,517,5238,1725,0,10,"ok"
grid10_O,1,-0.75,0.20000000000000001,1,10,0,0,O,event_tight,0.79775525652950274,1.1011681739661927e-12,0.79775525653746326,7.9605211311672974e-12,9.9786508030021363e-12,3.5849101465146305e-12,1621,151,907,8188,3105,0,10,"ok"
grid10_E,1,-0.75,0.20000000000000001,1,10,0,0,E,rk,1.3715632495026078,1.1185294794728764e-12,1.3716112748209679,4.8025318360123137e-05,3.5015022732301511e-05,1.2184212734800415e-05,54,47,386,386,386,17,0,"ok"
grid10_E,1,-0.75,0.20000000000000001,1,10,0,0,E,cap_1pct,1.3715632495026078,1.1185294794728764e-12,1.3716128909244254,4.9641421817625542e-05,3.6193315791763755e-05,1.2594214380989843e-05,553,728,4448,4448,4448,13,0,"ok"
grid10_E,1,-0.75,0.20000000000000001,1,10,0,0,E,cap_0.1pct,1.3715632495026078,1.1185294794728764e-12,1.371562630639084,6.1886352376028242e-07,4.5121034263983884e-07,1.5701193628592236e-07,5440,7173,43154,43154,43154,19,0,"ok"
grid10_E,1,-0.75,0.20000000000000001,1,10,0,0,E,thermal,1.3715632495026078,1.1185294794728764e-12,1.3715638720204948,6.2251788701672695e-07,4.5387472086502805e-07,1.5793898716642829e-07,165,148,1022,1318,1022,22,0,"ok"
grid10_E,1,-0.75,0.20000000000000001,1,10,0,0,E,event,1.3715632495026078,1.1185294794728764e-12,1.3715632512826827,1.7800749763097201e-09,1.2978438850379357e-09,4.5162285022826154e-10,968,86,517,5268,1755,0,10,"ok"
grid10_E,1,-0.75,0.20000000000000001,1,10,0,0,E,event_tight,1.3715632495026078,1.1185294794728764e-12,1.3715632495439141,4.1306291720388799e-11,3.0116213550755586e-11,1.0479783707495471e-11,1628,151,907,8158,3075,0,10,"ok"
grid11_O,1,-0.75,0.20000000000000001,10,10,0,0,O,rk,0.84016122772031987,1.1633424882533828e-12,0.84019042450342085,2.919678310098206e-05,3.4751405013302206e-05,1.2602342499723473e-05,44,46,344,344,344,11,0,"ok"
grid11_O,1,-0.75,0.20000000000000001,10,10,0,0,O,cap_1pct,0.84016122772031987,1.1633424882533828e-12,0.84011969514550688,4.1532574812985779e-05,4.9434053182482135e-05,1.792753130958058e-05,534,726,4418,4418,4418,10,0,"ok"
grid11_O,1,-0.75,0.20000000000000001,10,10,0,0,O,cap_0.1pct,0.84016122772031987,1.1633424882533828e-12,0.84016198644736195,7.5872704208279629e-07,9.0307314483139648e-07,3.2749751827099161e-07,5340,7168,43112,43112,43112,17,0,"ok"
grid11_O,1,-0.75,0.20000000000000001,10,10,0,0,O,thermal,0.84016122772031987,1.1633424882533828e-12,0.84016180680598673,5.7908566686304397e-07,6.8925540450649671e-07,2.499570007086227e-07,147,136,920,1192,920,17,0,"ok"
grid11_O,1,-0.75,0.20000000000000001,10,10,0,0,O,event,0.84016122772031987,1.1633424882533828e-12,0.84016122768020052,4.0119352284762044e-11,4.7751968266401984e-11,1.7317147715800729e-11,1004,86,517,5739,1845,0,10,"ok"
grid11_O,1,-0.75,0.20000000000000001,10,10,0,0,O,event_tight,0.84016122772031987,1.1633424882533828e-12,0.84016122772770307,7.383205158362216e-12,8.7878432314660459e-12,3.1868951921865118e-12,1698,151,907,9378,3360,0,10,"ok"
grid11_E,1,-0.75,0.20000000000000001,10,10,0,0,E,rk,1.4406222509459423,1.1828611229484141e-12,1.4405210005333777,0.00010125041256459077,7.0282416156010127e-05,2.3975324494440731e-05,50,48,392,392,392,17,0,"ok"
grid11_E,1,-0.75,0.20000000000000001,10,10,0,0,E,cap_1pct,1.4406222509459423,1.1828611229484141e-12,1.4405010987091411,0.00012115223680120302,8.4097157823053174e-05,2.8688209970706424e-05,533,726,4430,4430,4430,12,0,"ok"
grid11_E,1,-0.75,0.20000000000000001,10,10,0,0,E,cap_0.1pct,1.4406222509459423,1.1828611229484141e-12,1.4406213359906868,9.1495525555984614e-07,6.3511115072606136e-07,2.1664354857287016e-07,5315,7173,43202,43202,43202,27,0,"ok"
grid11_E,1,-0.75,0.20000000000000001,10,10,0,0,E,thermal,1.4406222509459423,1.1828611229484141e-12,1.4406222644851303,1.3539187992961388e-08,9.3981527663280762e-09,3.2058140031487881e-09,152,140,974,1254,974,22,0,"ok"
grid11_E,1,-0.75,0.20000000000000001,10,10,0,0,E,event,1.4406222509459423,1.1828611229484141e-12,1.4406222499107006,1.0352416701664424e-09,7.1860730284200547e-10,2.4512492036166122e-10,1026,86,517,5769,1875,0,10,"ok"
grid11_E,1,-0.75,0.20000000000000001,10,10,0,0,E,event_tight,1.4406222509459423,1.1828611229484141e-12,1.4406222509808397,3.4897418288437621e-11,2.4223850676694223e-11,8.263029149802037e-12,1743,151,907,9348,3330,0,10,"ok"
grid12_O,1,-0.75,0.80000000000000004,0.10000000000000001,10,0,0,O,rk,0.49846575146681443,1.0960636938506177e-12,0.49834802496472608,0.00011772650208835556,0.00023617771480172244,7.1518579401130822e-05,44,44,338,338,338,12,0,"ok"
grid12_O,1,-0.75,0.80000000000000004,0.10000000000000001,10,0,0,O,cap_1pct,0.49846575146681443,1.0960636938506177e-12,0.49829057813057898,0.00017517333623545683,0.00035142501911110554,0.00010642045588249438,571,724,4406,4406,4406,10,0,"ok"
grid12_O,1,-0.75,0.80000000000000004,0.10000000000000001,10,0,0,O,cap_0.1pct,0.49846575146681443,1.0960636938506177e-12,0.49846638484267292,6.3337585848310951e-07,1.2706507049266689e-06,3.8475160757389659e-07,5531,7169,43112,43112,43112,16,0,"ok"
grid12_O,1,-0.75,0.80000000000000004,0.10000000000000001,10,0,0,O,thermal,0.49846575146681443,1.0960636938506177e-12,0.49846557360628607,1.7786052836088473e-07,3.5681594540347445e-07,1.0804351169291238e-07,149,128,890,1146,890,20,0,"ok"
grid12_O,1,-0.75,0.80000000000000004,0.10000000000000001,10,0,0,O,event,0.49846575146681443,1.0960636938506177e-12,0.49846575148995176,2.3137325388944419e-11,4.6417081456166593e-11,1.4054979402544632e-11,884,86,517,4534,1560,0,10,"ok"
grid12_O,1,-0.75,0.80000000000000004,0.10000000000000001,10,0,0,O,event_tight,0.49846575146681443,1.0960636938506177e-12,0.49846575147097438,4.1599501621192303e-12,8.3455084925652724e-12,2.5269786263493188e-12,1561,151,907,7817,2955,0,10,"ok"
grid12_E,1,-0.75,0.80000000000000004,0.10000000000000001,10,0,0,E,rk,0.51634891417633288,4.7468849551967417e-13,0.51637938819167273,3.0474015339843064e-05,5.9018261689296788e-05,1.8183420425588182e-05,46,45,350,350,350,13,0,"ok"
grid12_E,1,-0.75,0.80000000000000004,0.10000000000000001,10,0,0,E,cap_1pct,0.51634891417633288,4.7468849551967417e-13,0.51640410369462519,5.5189518292309003e-05,0.00010688415677284026,3.2930409785025816e-05,564,725,4442,4442,4442,15,0,"ok"
grid12_E,1,-0.75,0.80000000000000004,0.10000000000000001,10,0,0,E,cap_0.1pct,0.51634891417633288,4.7468849551967417e-13,0.51634766321882775,1.2509575051389277e-06,2.4226980454377916e-06,7.4644075676033594e-07,5549,7167,43094,43094,43094,15,0,"ok"
grid12_E,1,-0.75,0.80000000000000004,0.10000000000000001,10,0,0,E,thermal,0.51634891417633288,4.7468849551967417e-13,0.51634841656202479,4.9761430809258655e-07,9.6371715797324516e-07,2.9692412351067787e-07,143,126,878,1130,878,20,0,"ok"
grid12_E,1,-0.75,0.80000000000000004,0.10000000000000001,10,0,0,E,event,0.51634891417633288,4.7468849551967417e-13,0.516348914200085,2.3752111388830599e-11,4.6000118789286861e-11,1.4172774065457361e-11,900,86,517,4534,1560,0,10,"ok"
grid12_E,1,-0.75,0.80000000000000004,0.10000000000000001,10,0,0,E,event_tight,0.51634891417633288,4.7468849551967417e-13,0.51634891418091,4.5771164636221329e-12,8.8643867314477393e-12,2.7311486405778851e-12,1563,151,907,7817,2955,0,10,"ok"
grid13_O,1,-0.75,0.80000000000000004,1,10,0,0,O,rk,0.50801964759153317,4.8507918022245197e-13,0.50808914754221679,6.9499950683615808e-05,0.00013680563539837019,4.1815690738578049e-05,49,47,380,380,380,16,0,"ok"
grid13_O,1,-0.75,0.80000000000000004,1,10,0,0,O,cap_1pct,0.50801964759153317,4.8507918022245197e-13,0.50796636239628112,5.3285195252050777e-05,0.00010488805994939406,3.2061807526684305e-05,570,726,4412,4412,4412,9,0,"ok"
grid13_O,1,-0.75,0.80000000000000004,1,10,0,0,O,cap_0.1pct,0.50801964759153317,4.8507918022245197e-13,0.50801885187662699,7.9571490618768337e-07,1.5663073464974882e-06,4.787706697761962e-07,5424,7169,43106,43106,43106,15,0,"ok"
grid13_O,1,-0.75,0.80000000000000004,1,10,0,0,O,thermal,0.50801964759153317,4.8507918022245197e-13,0.50802070539826083,1.0578067276556524e-06,2.0822161754384912e-06,6.3646710912745874e-07,134,124,818,1066,818,12,0,"ok"
grid13_O,1,-0.75,0.80000000000000004,1,10,0,0,O,event,0.50801964759153317,4.8507918022245197e-13,0.50801964757317286,1.8360313269738526e-11,3.614095115569409e-11,1.1047163184230158e-11,972,86,517,5424,1800,0,10,"ok"
grid13_O,1,-0.75,0.80000000000000004,1,10,0,0,O,event_tight,0.50801964759153317,4.8507918022245197e-13,0.50801964758906282,2.4703572520934358e-12,4.8627199042500334e-12,1.4863665853681596e-12,1652,151,907,8658,3150,0,10,"ok"
grid13_E,1,-0.75,0.80000000000000004,1,10,0,0,E,rk,0.52620792780073478,4.8565309456061895e-13,0.52613352970693672,7.4398093798055953e-05,0.00014138535333171404,4.3959097178913886e-05,47,48,362,362,362,12,0,"ok"
grid13_E,1,-0.75,0.80000000000000004,1,10,0,0,E,cap_1pct,0.52620792780073478,4.8565309456061895e-13,0.52613303084492913,7.4896955805647814e-05,0.00014233338543316268,4.4253867428900584e-05,546,726,4406,4406,4406,8,0,"ok"
grid13_E,1,-0.75,0.80000000000000004,1,10,0,0,E,cap_0.1pct,0.52620792780073478,4.8565309456061895e-13,0.52620741937411086,5.0842662391303861e-07,9.6620859749868759e-07,3.0039949305837865e-07,5508,7168,43136,43136,43136,21,0,"ok"
grid13_E,1,-0.75,0.80000000000000004,1,10,0,0,E,thermal,0.52620792780073478,4.8565309456061895e-13,0.52620723551836135,6.9228237342677801e-07,1.3156061261185189e-06,4.0902911724316482e-07,134,124,842,1090,842,16,0,"ok"
grid13_E,1,-0.75,0.80000000000000004,1,10,0,0,E,event,0.52620792780073478,4.8565309456061895e-13,0.52620792777958225,2.1152524176670795e-11,4.01980340073494e-11,1.2497780588205387e-11,993,86,517,5424,1800,0,10,"ok"
grid13_E,1,-0.75,0.80000000000000004,1,10,0,0,E,event_tight,0.52620792780073478,4.8565309456061895e-13,0.52620792779795722,2.7775559630072166e-12,5.2784380779208361e-12,1.6410206526984439e-12,1642,151,907,8658,3150,0,10,"ok"
grid14_O,1,-0.75,0.80000000000000004,10,10,0,0,O,rk,0.53182968350015891,5.1156495379617874e-13,0.53191104605345085,8.1362553291941531e-05,0.00015298610780140333,4.780091441758394e-05,44,44,344,344,344,13,0,"ok"
grid14_O,1,-0.75,0.80000000000000004,10,10,0,0,O,cap_1pct,0.53182968350015891,5.1156495379617874e-13,0.53189369746463311,6.4013964474196605e-05,0.00012036553517076765,3.760885636017175e-05,554,724,4388,4388,4388,7,0,"ok"
grid14_O,1,-0.75,0.80000000000000004,10,10,0,0,O,cap_0.1pct,0.53182968350015891,5.1156495379617874e-13,0.5318288885675605,7.9493259841356689e-07,1.4947127305528244e-06,4.67046135210758e-07,5345,7166,43082,43082,43082,14,0,"ok"
grid14_O,1,-0.75,0.80000000000000004,10,10,0,0,O,thermal,0.53182968350015891,5.1156495379617874e-13,0.53182929824323066,3.8525692824808999e-07,7.2439907022973621e-07,2.2634965890500069e-07,131,121,842,1084,842,19,0,"ok"
grid14_O,1,-0.75,0.80000000000000004,10,10,0,0,O,event,0.53182968350015891,5.1156495379617874e-13,0.5318296835350993,3.4940383919490614e-11,6.5698446332546935e-11,2.0528467814528994e-11,1120,86,517,7176,2145,0,10,"ok"
grid14_O,1,-0.75,0.80000000000000004,10,10,0,0,O,event_tight,0.53182968350015891,5.1156495379617874e-13,0.53182968349858717,1.5717427359618341e-12,2.9553497759238264e-12,9.2348351188320521e-13,1838,151,907,11074,3600,0,10,"ok"
grid14_E,1,-0.75,0.80000000000000004,10,10,0,0,E,rk,0.5507673193323932,5.1223106618577508e-13,0.55080352902642327,3.6209694030064909e-05,6.5744086039738362e-05,2.0874774112944472e-05,46,48,356,356,356,11,0,"ok"
grid14_E,1,-0.75,0.80000000000000004,10,10,0,0,E,cap_1pct,0.5507673193323932,5.1223106618577508e-13,0.5508444606412839,7.7141308890693594e-05,0.00014006152177692681,4.4470810522279081e-05,535,725,4400,4400,4400,8,0,"ok"
grid14_E,1,-0.75,0.80000000000000004,10,10,0,0,E,cap_0.1pct,0.5507673193323932,5.1223106618577508e-13,0.55076763052430899,3.1119191579165317e-07,5.6501521580630667e-07,1.7940437557761868e-07,5351,7167,43076,43076,43076,12,0,"ok"
grid14_E,1,-0.75,0.80000000000000004,10,10,0,0,E,thermal,0.5507673193323932,5.1223106618577508e-13,0.5507669914216915,3.2791070170290482e-07,5.9537065870280454e-07,1.8904293619392831e-07,135,122,836,1080,836,17,0,"ok"
grid14_E,1,-0.75,0.80000000000000004,10,10,0,0,E,event,0.5507673193323932,5.1223106618577508e-13,0.55076731936596734,3.3574143465386896e-11,6.0958851926950645e-11,1.9355739233617442e-11,1166,86,517,7176,2145,0,10,"ok"
grid14_E,1,-0.75,0.80000000000000004,10,10,0,0,E,event_tight,0.5507673193323932,5.1223106618577508e-13,0.55076731933057632,1.8168799797990687e-12,3.2988158810900049e-12,1.0473844014313727e-12,1870,151,907,11074,3600,0,10,"ok"
grid15_O,1,-0.20000000000000001,-0.80000000000000004,0.10000000000000001,10,0,0,O,rk,1.1824276422936622,5.7922676955038055e-13,1.1825165558258131,8.8913532150902697e-05,7.5195748957990408e-05,2.7253780621128154e-05,75,61,488,488,488,20,0,"ok"
grid15_O,1,-0.20000000000000001,-0.80000000000000004,0.10000000000000001,10,0,0,O,cap_1pct,1.1824276422936622,5.7922676955038055e-13,1.182336758657125,9.0883636537197887e-05,7.6861901131559016e-05,2.7860161599668753e-05,571,731,4520,4520,4520,22,0,"ok"
grid15_O,1,-0.20000000000000001,-0.80000000000000004,0.10000000000000001,10,0,0,O,cap_0.1pct,1.1824276422936622,5.7922676955038055e-13,1.1824269753415273,6.6695213485346017e-07,5.6405323336294187e-07,2.0444336074065816e-07,5460,7171,43118,43118,43118,15,0,"ok"
grid15_O,1,-0.20000000000000001,-0.80000000000000004,0.10000000000000001,10,0,0,O,thermal,1.1824276422936622,5.7922676955038055e-13,1.1824266318093011,1.0104843610747594e-06,8.5458452164957105e-07,3.0974764675395505e-07,200,179,1232,1590,1232,26,0,"ok"
grid15_O,1,-0.20000000000000001,-0.80000000000000004,0.10000000000000001,10,0,0,O,event,1.1824276422936622,5.7922676955038055e-13,1.1824276418304684,4.6319370561320738e-10,3.9173112082757857e-10,1.4198447972901818e-10,916,86,517,4558,1590,0,10,"ok"
grid15_O,1,-0.20000000000000001,-0.80000000000000004,0.10000000000000001,10,0,0,O,event_tight,1.1824276422936622,5.7922676955038055e-13,1.1824276422046944,8.8967722078336919e-11,7.5241578339422239e-11,2.7271573888043577e-11,1542,151,907,7540,2685,0,10,"ok"
grid15_E,1,-0.20000000000000001,-0.80000000000000004,0.10000000000000001,10,0,0,E,rk,1.3458294507105404,6.3044547873950222e-13,1.3459120278597982,8.2577149257856419e-05,6.1357811135920098e-05,2.149590087296982e-05,69,63,506,506,506,21,0,"ok"
grid15_E,1,-0.20000000000000001,-0.80000000000000004,0.10000000000000001,10,0,0,E,cap_1pct,1.3458294507105404,6.3044547873950222e-13,1.3459395982337767,0.00011014752323634802,8.1843597030957261e-05,2.8672430853526887e-05,583,730,4478,4478,4478,16,0,"ok"
grid15_E,1,-0.20000000000000001,-0.80000000000000004,0.10000000000000001,10,0,0,E,cap_0.1pct,1.3458294507105404,6.3044547873950222e-13,1.3458304536464447,1.0029359043262076e-06,7.4521768252039688e-07,2.6108784711986743e-07,5474,7169,43106,43106,43106,15,0,"ok"
grid15_E,1,-0.20000000000000001,-0.80000000000000004,0.10000000000000001,10,0,0,E,thermal,1.3458294507105404,6.3044547873950222e-13,1.3458285530373097,8.9767323063760784e-07,6.6700370553168885e-07,2.3368571505644198e-07,213,180,1214,1574,1214,22,0,"ok"
grid15_E,1,-0.20000000000000001,-0.80000000000000004,0.10000000000000001,10,0,0,E,event,1.3458294507105404,6.3044547873950222e-13,1.3458294502394537,4.7108672518447747e-10,3.5003448983507071e-10,1.2263501325548987e-10,901,86,517,4558,1590,0,10,"ok"
grid15_E,1,-0.20000000000000001,-0.80000000000000004,0.10000000000000001,10,0,0,E,event_tight,1.3458294507105404,6.3044547873950222e-13,1.3458294506116648,9.8875574394696741e-11,7.3468131004634105e-11,2.5739632647514554e-11,1533,151,907,7540,2685,0,10,"ok"
grid16_O,1,-0.20000000000000001,-0.80000000000000004,1,10,0,0,O,rk,1.1991549451070218,5.8768973587393876e-13,1.1992888567498041,0.00013391164278231393,0.00011167167623226758,4.036480734692649e-05,74,65,548,548,548,26,0,"ok"
grid16_O,1,-0.20000000000000001,-0.80000000000000004,1,10,0,0,O,cap_1pct,1.1991549451070218,5.8768973587393876e-13,1.1990413046475419,0.00011364045947992452,9.4767119081331366e-05,3.4258731822278676e-05,560,730,4454,4454,4454,12,0,"ok"
grid16_O,1,-0.20000000000000001,-0.80000000000000004,1,10,0,0,O,cap_0.1pct,1.1991549451070218,5.8768973587393876e-13,1.1991539311013786,1.0140056432295097e-06,8.4560018483600715e-07,3.0567098507905399e-07,5451,7171,43148,43148,43148,20,0,"ok"
grid16_O,1,-0.20000000000000001,-0.80000000000000004,1,10,0,0,O,thermal,1.1991549451070218,5.8768973587393876e-13,1.1991559872099395,1.0421029177365426e-06,8.6903108058611836e-07,3.1414055740031088e-07,202,179,1196,1554,1196,20,0,"ok"
grid16_O,1,-0.20000000000000001,-0.80000000000000004,1,10,0,0,O,event,1.1991549451070218,5.8768973587393876e-13,1.1991549468559408,1.7489190096142693e-09,1.4584595733441122e-09,5.2720966481345499e-10,975,86,517,5410,1770,0,10,"ok"
grid16_O,1,-0.20000000000000001,-0.80000000000000004,1,10,0,0,O,event_tight,1.1991549451070218,5.8768973587393876e-13,1.1991549451890633,8.2041484716910418e-11,6.8416083385778312e-11,2.4731328096549987e-11,1602,151,907,8495,2970,0,10,"ok"
grid16_E,1,-0.20000000000000001,-0.80000000000000004,1,10,0,0,E,rk,1.3648562255840602,6.3969313213705363e-13,1.3647880716775296,6.815390653058806e-05,4.993486145503941e-05,1.7408286536624296e-05,70,66,518,518,518,20,0,"ok"
grid16_E,1,-0.20000000000000001,-0.80000000000000004,1,10,0,0,E,cap_1pct,1.3648562255840602,6.3969313213705363e-13,1.3649361052009141,7.9879616853961721e-05,5.852603032951621e-05,2.0401828861205118e-05,566,730,4514,4514,4514,22,0,"ok"
grid16_E,1,-0.20000000000000001,-0.80000000000000004,1,10,0,0,E,cap_0.1pct,1.3648562255840602,6.3969313213705363e-13,1.3648558814146021,3.4416945804416343e-07,2.5216535748802677e-07,8.7906881829358241e-08,5394,7171,43124,43124,43124,16,0,"ok"
grid16_E,1,-0.20000000000000001,-0.80000000000000004,1,10,0,0,E,thermal,1.3648562255840602,6.3969313213705363e-13,1.3648555814603225,6.4412373768085729e-07,4.7193523069085075e-07,1.645204606437467e-07,196,176,1202,1554,1202,24,0,"ok"
grid16_E,1,-0.20000000000000001,-0.80000000000000004,1,10,0,0,E,event,1.3648562255840602,6.3969313213705363e-13,1.3648562274609339,1.876873767514553e-09,1.3751439399497087e-09,4.7938625291621406e-10,960,86,517,5410,1770,0,10,"ok"
grid16_E,1,-0.20000000000000001,-0.80000000000000004,1,10,0,0,E,event_tight,1.3648562255840602,6.3969313213705363e-13,1.3648562256747461,9.0685903231246812e-11,6.644355759335733e-11,2.3162805007359566e-11,1617,151,907,8495,2970,0,10,"ok"
grid17_O,1,-0.20000000000000001,-0.80000000000000004,10,10,0,0,O,rk,1.2394586749410574,6.0785933743936511e-13,1.2393685540837105,9.0120857346942529e-05,7.2709852429108404e-05,2.6094850988644946e-05,65,62,482,482,482,18,0,"ok"
grid17_O,1,-0.20000000000000001,-0.80000000000000004,10,10,0,0,O,cap_1pct,1.2394586749410574,6.0785933743936511e-13,1.2395348813504217,7.6206409364232286e-05,6.1483622572455903e-05,2.2064032491275754e-05,560,731,4478,4478,4478,15,0,"ok"
grid17_O,1,-0.20000000000000001,-0.80000000000000004,10,10,0,0,O,cap_0.1pct,1.2394586749410574,6.0785933743936511e-13,1.2394608807978869,2.2058568294180958e-06,1.7796937276049123e-06,6.3868509209141777e-07,5355,7171,43136,43136,43136,18,0,"ok"
grid17_O,1,-0.20000000000000001,-0.80000000000000004,10,10,0,0,O,thermal,1.2394586749410574,6.0785933743936511e-13,1.2394578127082272,8.6223283024544628e-07,6.95652745571731e-07,2.496517870209658e-07,211,182,1244,1608,1244,25,0,"ok"
grid17_O,1,-0.20000000000000001,-0.80000000000000004,10,10,0,0,O,event,1.2394586749410574,6.0785933743936511e-13,1.2394586751293037,1.8824630743097259e-10,1.5187784089689368e-10,5.4505011615191279e-11,1155,86,517,7121,2085,0,10,"ok"
grid17_O,1,-0.20000000000000001,-0.80000000000000004,10,10,0,0,O,event_tight,1.2394586749410574,6.0785933743936511e-13,1.2394586750016563,6.0598859263905069e-11,4.8891391451019415e-11,1.7545853658873511e-11,1825,151,907,10927,3450,0,10,"ok"
grid17_E,1,-0.20000000000000001,-0.80000000000000004,10,10,0,0,E,rk,1.4106980796329627,6.6187500237126695e-13,1.4107289156464813,3.0836013518609207e-05,2.1858691072034467e-05,7.5230359962985549e-06,60,58,452,452,452,17,0,"ok"
grid17_E,1,-0.20000000000000001,-0.80000000000000004,10,10,0,0,E,cap_1pct,1.4106980796329627,6.6187500237126695e-13,1.4108472210280292,0.00014914139506649882,0.00010572169709432271,3.6383747102020081e-05,562,731,4508,4508,4508,20,0,"ok"
grid17_E,1,-0.20000000000000001,-0.80000000000000004,10,10,0,0,E,cap_0.1pct,1.4106980796329627,6.6187500237126695e-13,1.4106975715291159,5.081038467746879e-07,3.6017901641071703e-07,1.2396360615785085e-07,5348,7172,43154,43154,43154,20,0,"ok"
grid17_E,1,-0.20000000000000001,-0.80000000000000004,10,10,0,0,E,thermal,1.4106980796329627,6.6187500237126695e-13,1.4106988633529374,7.8371997469517396e-07,5.5555471862489759e-07,1.9120636884917275e-07,209,180,1220,1580,1220,23,0,"ok"
grid17_E,1,-0.20000000000000001,-0.80000000000000004,10,10,0,0,E,event,1.4106980796329627,6.6187500237126695e-13,1.4106980799153845,2.824218636732212e-10,2.0020007665049215e-10,6.8903299732525625e-11,1116,86,517,7121,2085,0,10,"ok"
grid17_E,1,-0.20000000000000001,-0.80000000000000004,10,10,0,0,E,event_tight,1.4106980796329627,6.6187500237126695e-13,1.410698079700661,6.7698291417173095e-11,4.7989213563533683e-11,1.6516565892743529e-11,1825,151,907,10927,3450,0,10,"ok"
grid18_O,1,-0.20000000000000001,-0.20000000000000001,0.10000000000000001,10,0,0,O,rk,0.45399163621262872,6.9523008391144292e-13,0,0.45399163621262872,1,0.3649119550349148,26,33,200,200,200,0,0,"ok"
grid18_O,1,-0.20000000000000001,-0.20000000000000001,0.10000000000000001,10,0,0,O,cap_1pct,0.45399163621262872,6.9523008391144292e-13,0.45412098993503736,0.00012935372240863163,0.00028492534243086437,8.2145689633494889e-05,558,735,4502,4502,4502,15,0,"ok"
grid18_O,1,-0.20000000000000001,-0.20000000000000001,0.10000000000000001,10,0,0,O,cap_0.1pct,0.45399163621262872,6.9523008391144292e-13,0.45399128443302306,3.5177960566734612e-07,7.7485922120069363e-07,2.2341106131751332e-07,5469,7179,43220,43220,43220,24,0,"ok"
grid18_O,1,-0.20000000000000001,-0.20000000000000001,0.10000000000000001,10,0,0,O,thermal,0.45399163621262872,6.9523008391144292e-13,0.45399282180678202,1.1855941532967762e-06,2.6114889762891988e-06,7.5295622659066197e-07,209,189,1280,1658,1280,24,0,"ok"
grid18_O,1,-0.20000000000000001,-0.20000000000000001,0.10000000000000001,10,0,0,O,event,0.45399163621262872,6.9523008391144292e-13,0.45399163851767466,2.3050459319051697e-09,5.0772872186253069e-09,1.4639071066469e-09,897,86,517,4482,1500,0,10,"ok"
grid18_O,1,-0.20000000000000001,-0.20000000000000001,0.10000000000000001,10,0,0,O,event_tight,0.45399163621262872,6.9523008391144292e-13,0.45399163617365301,3.8975711547095671e-11,8.5851166493387225e-11,2.4752977445530178e-11,1518,151,907,7439,2595,0,10,"ok"
grid18_E,1,-0.20000000000000001,-0.20000000000000001,0.10000000000000001,10,0,0,E,rk,4.5846335484465808,1.1122541088030842e-13,0,4.5846335484465808,1,0.98979251034709292,26,33,200,200,200,0,0,"ok"
grid18_E,1,-0.20000000000000001,-0.20000000000000001,0.10000000000000001,10,0,0,E,cap_1pct,4.5846335484465808,1.1122541088030842e-13,4.5841133871408211,0.00052016130575971431,0.00011345755342560834,5.3109222947766987e-06,600,750,4742,4742,4742,40,0,"ok"
grid18_E,1,-0.20000000000000001,-0.20000000000000001,0.10000000000000001,10,0,0,E,cap_0.1pct,4.5846335484465808,1.1122541088030842e-13,4.5846248493596189,8.6990869618830402e-06,1.8974443365992832e-06,8.8796226375281728e-08,5533,7207,43526,43526,43526,47,0,"ok"
grid18_E,1,-0.20000000000000001,-0.20000000000000001,0.10000000000000001,10,0,0,E,thermal,4.5846335484465808,1.1122541088030842e-13,4.5846323934351112,1.1550114695779712e-06,2.5193103382697308e-07,1.1789774432766076e-08,286,227,1694,2148,1694,55,0,"ok"
grid18_E,1,-0.20000000000000001,-0.20000000000000001,0.10000000000000001,10,0,0,E,event,4.5846335484465808,1.1122541088030842e-13,4.5846335740894117,2.5642830969729857e-08,5.5932127832590812e-09,2.6174892808761285e-10,891,86,517,4542,1560,0,10,"ok"
grid18_E,1,-0.20000000000000001,-0.20000000000000001,0.10000000000000001,10,0,0,E,event_tight,4.5846335484465808,1.1122541088030842e-13,4.5846335475267956,9.1978513694357389e-10,2.006234799846165e-10,9.388698152257291e-12,1545,151,907,7499,2655,0,10,"ok"
grid19_O,1,-0.20000000000000001,-0.20000000000000001,1,10,0,0,O,rk,0.46171523920447488,6.9982236096158572e-13,0.46179946600601729,8.422680154240858e-05,0.00018242153256091241,5.3077644198928908e-05,52,50,392,392,392,15,0,"ok"
grid19_O,1,-0.20000000000000001,-0.20000000000000001,1,10,0,0,O,cap_1pct,0.46171523920447488,6.9982236096158572e-13,0.46171474786495525,4.9133951962598843e-07,1.0641613659374889e-06,3.0964311159564772e-07,551,734,4508,4508,4508,17,0,"ok"
grid19_O,1,-0.20000000000000001,-0.20000000000000001,1,10,0,0,O,cap_0.1pct,0.46171523920447488,6.9982236096158572e-13,0.46171555791063346,3.1870615857521045e-07,6.9026562589602651e-07,2.0084915353102417e-07,5376,7173,43136,43136,43136,16,0,"ok"
grid19_O,1,-0.20000000000000001,-0.20000000000000001,1,10,0,0,O,thermal,0.46171523920447488,6.9982236096158572e-13,0.46171848412366467,3.2449191897931939e-06,7.0279664049731553e-06,2.0449505028219406e-06,211,191,1316,1698,1316,28,0,"ok"
grid19_O,1,-0.20000000000000001,-0.20000000000000001,1,10,0,0,O,event,0.46171523920447488,6.9982236096158572e-13,0.46171523405684234,5.1476325424459901e-09,1.1148933596636851e-08,3.2440471420258632e-09,941,86,517,5116,1605,0,10,"ok"
grid19_O,1,-0.20000000000000001,-0.20000000000000001,1,10,0,0,O,event_tight,0.46171523920447488,6.9982236096158572e-13,0.46171523898524486,2.1923002302415284e-10,4.7481651981399037e-10,1.3815915078652097e-10,1565,151,907,7754,2655,0,10,"ok"
grid19_E,1,-0.20000000000000001,-0.20000000000000001,1,10,0,0,E,rk,4.6623500810787393,1.1382067920442342e-13,4.6616017720778373,0.00074830900090194774,0.00016050038883583999,7.0698558606169248e-06,79,70,590,590,590,28,0,"ok"
grid19_E,1,-0.20000000000000001,-0.20000000000000001,1,10,0,0,E,cap_1pct,4.6623500810787393,1.1382067920442342e-13,4.6617217187104192,0.00062836236832009007,0.0001347737422957961,5.9362708680343879e-06,612,749,4682,4682,4682,31,0,"ok"
grid19_E,1,-0.20000000000000001,-0.20000000000000001,1,10,0,0,E,cap_0.1pct,4.6623500810787393,1.1382067920442342e-13,4.6623434922926652,6.5887860740687643e-06,1.413189906268107e-06,6.2226292322012378e-08,5430,7209,43556,43556,43556,50,0,"ok"
grid19_E,1,-0.20000000000000001,-0.20000000000000001,1,10,0,0,E,thermal,4.6623500810787393,1.1382067920442342e-13,4.6623419901491614,8.0909295778752721e-06,1.7353758163100559e-06,7.6413002571273925e-08,277,224,1670,2118,1670,54,0,"ok"
grid19_E,1,-0.20000000000000001,-0.20000000000000001,1,10,0,0,E,event,4.6623500810787393,1.1382067920442342e-13,4.6623500219628129,5.911592637630747e-08,1.2679426758667953e-08,5.58305107006829e-10,967,86,517,5206,1695,0,10,"ok"
grid19_E,1,-0.20000000000000001,-0.20000000000000001,1,10,0,0,E,event_tight,4.6623500810787393,1.1382067920442342e-13,4.6623500796057975,1.4729417685543922e-09,3.1592260189384881e-10,1.3910818677520531e-11,1552,151,907,7814,2715,0,10,"ok"
grid20_O,1,-0.20000000000000001,-0.20000000000000001,10,10,0,0,O,rk,0.48064419535358321,7.0898345994602327e-13,6.4814820177616639e-13,0.48064419535293507,0.99999999999865152,0.38161509721291886,25,33,200,200,200,0,0,"ok"
grid20_O,1,-0.20000000000000001,-0.20000000000000001,10,10,0,0,O,cap_1pct,0.48064419535358321,7.0898345994602327e-13,0.48060700171714676,3.7193636436450017e-05,7.7382889039341723e-05,2.3000410983908814e-05,564,735,4520,4520,4520,18,0,"ok"
grid20_O,1,-0.20000000000000001,-0.20000000000000001,10,10,0,0,O,cap_0.1pct,0.48064419535358321,7.0898345994602327e-13,0.48064434716183935,1.5180825613247961e-07,3.1584331528398612e-07,9.3875926587827507e-08,5341,7177,43208,43208,43208,24,0,"ok"
grid20_O,1,-0.20000000000000001,-0.20000000000000001,10,10,0,0,O,thermal,0.48064419535358321,7.0898345994602327e-13,0.48064322940688864,9.6594669457550353e-07,2.0096917926261656e-06,5.9732714130511511e-07,209,191,1304,1686,1304,26,0,"ok"
grid20_O,1,-0.20000000000000001,-0.20000000000000001,10,10,0,0,O,event,0.48064419535358321,7.0898345994602327e-13,0.48064419320531188,2.1482713385978514e-09,4.4695668009003784e-09,1.3284585653750014e-09,1004,86,517,5647,1755,0,10,"ok"
grid20_O,1,-0.20000000000000001,-0.20000000000000001,10,10,0,0,O,event_tight,0.48064419535358321,7.0898345994602327e-13,0.48064419515832774,1.9525547845233859e-10,4.0623704673828423e-10,1.2074308219922614e-10,1663,151,907,8927,2910,0,10,"ok"
grid20_E,1,-0.20000000000000001,-0.20000000000000001,10,10,0,0,E,rk,4.852747949974491,1.179145341300995e-13,2.1020962748252714e-12,4.8527479499723887,0.99999999999956679,0.99219310490867785,25,33,200,200,200,0,0,"ok"
grid20_E,1,-0.20000000000000001,-0.20000000000000001,10,10,0,0,E,cap_1pct,4.852747949974491,1.179145341300995e-13,4.852443550610599,0.00030439936389203837,6.2727214977987571e-05,2.3767756252724564e-06,583,752,4718,4718,4718,34,0,"ok"
grid20_E,1,-0.20000000000000001,-0.20000000000000001,10,10,0,0,E,cap_0.1pct,4.852747949974491,1.179145341300995e-13,4.8527433370184436,4.6129560473673337e-06,9.5058636774893334e-07,3.6012946976089755e-08,5331,7211,43580,43580,43580,52,0,"ok"
grid20_E,1,-0.20000000000000001,-0.20000000000000001,10,10,0,0,E,thermal,4.852747949974491,1.179145341300995e-13,4.852743597375949,4.3525985420345137e-06,8.969348061972585e-07,3.3980354134655055e-08,274,226,1694,2146,1694,56,0,"ok"
grid20_E,1,-0.20000000000000001,-0.20000000000000001,10,10,0,0,E,event,4.852747949974491,1.179145341300995e-13,4.8527479502385127,2.6402169339689863e-10,5.4406636429218727e-11,2.0611897605382623e-12,991,86,517,5677,1785,0,10,"ok"
grid20_E,1,-0.20000000000000001,-0.20000000000000001,10,10,0,0,E,event_tight,4.852747949974491,1.179145341300995e-13,4.8527479492828425,6.9164851623781942e-10,1.4252718735195285e-10,5.3996277935008941e-12,1658,151,907,8927,2910,0,10,"ok"
grid21_O,1,-0.20000000000000001,0,0.10000000000000001,10,0,0,O,rk,0.10115827289688871,6.5214295752514392e-13,3.4641743944630043e-05,0.10112363115294408,0.9996575490767825,0.096175382748613814,21,34,212,212,212,1,0,"ok"
grid21_O,1,-0.20000000000000001,0,0.10000000000000001,10,0,0,O,cap_1pct,0.10115827289688871,6.5214295752514392e-13,0.10117616140461694,1.7888507728228142e-05,0.00017683682427498555,1.6167309367265403e-05,411,725,4394,4394,4394,7,0,"ok"
grid21_O,1,-0.20000000000000001,0,0.10000000000000001,10,0,0,O,cap_0.1pct,0.10115827289688871,6.5214295752514392e-13,0.10115846184926236,1.8895237365035289e-07,1.8678884903754068e-06,1.7077324510061942e-07,4123,7168,43076,43076,43076,11,0,"ok"
grid21_O,1,-0.20000000000000001,0,0.10000000000000001,10,0,0,O,thermal,0.10115827289688871,6.5214295752514392e-13,0.10115811633999849,1.5655689021565333e-07,1.5476429730589884e-06,1.4149455918044396e-07,360,435,2654,3524,2654,7,0,"ok"
grid21_O,1,-0.20000000000000001,0,0.10000000000000001,10,0,0,O,event,0.10115827289688871,6.5214295752514392e-13,0.10115827225001173,6.4687698253518278e-10,6.3947017283949552e-09,5.8464100227695326e-10,746,86,517,4561,1605,0,10,"ok"
grid21_O,1,-0.20000000000000001,0,0.10000000000000001,10,0,0,O,event_tight,0.10115827289688871,6.5214295752514392e-13,0.10115827286002514,3.6863567753897541e-11,3.6441476014001163e-10,3.3316904790581248e-11,1223,151,907,7507,2670,0,10,"ok"
grid21_E,1,-0.20000000000000001,0,0.10000000000000001,10,0,0,E,rk,5.0547327932420396,3.4478070955320706e-13,1.3978531465341781e-05,5.0547188147105739,0.99999723456569567,0.99360695050071424,21,34,212,212,212,1,0,"ok"
grid21_E,1,-0.20000000000000001,0,0.10000000000000001,10,0,0,E,cap_1pct,5.0547327932420396,3.4478070955320706e-13,5.0537790264993276,0.00095376674271197004,0.00018868786575367846,6.0870481823132802e-06,464,757,4736,4736,4736,32,0,"ok"
grid21_E,1,-0.20000000000000001,0,0.10000000000000001,10,0,0,E,cap_0.1pct,5.0547327932420396,3.4478070955320706e-13,5.0547309148513602,1.8783906794439531e-06,3.7161028214098291e-07,1.1982398886480061e-08,4182,7230,43736,43736,43736,59,0,"ok"
grid21_E,1,-0.20000000000000001,0,0.10000000000000001,10,0,0,E,thermal,5.0547327932420396,3.4478070955320706e-13,5.0547281196836744,4.673558365198005e-06,9.2459058794291788e-07,2.9813030606729019e-08,459,496,3344,4336,3344,61,0,"ok"
grid21_E,1,-0.20000000000000001,0,0.10000000000000001,10,0,0,E,event,5.0547327932420396,3.4478070955320706e-13,5.0547327759949185,1.7247121064656312e-08,3.4120737475411106e-09,1.1002061154480325e-10,732,86,517,4561,1605,0,10,"ok"
grid21_E,1,-0.20000000000000001,0,0.10000000000000001,10,0,0,E,event_tight,5.0547327932420396,3.4478070955320706e-13,5.0547327923897019,8.5233775592996608e-10,1.6862172359921874e-10,5.4371229740723948e-12,1250,151,907,7567,2730,0,10,"ok"
grid22_O,1,-0.20000000000000001,0,1,10,0,0,O,rk,0.10295105004858736,6.6306712000997215e-13,0.10281226512176822,0.00013878492681913823,0.0013480671324249652,0.00012521644363616691,36,46,350,350,350,12,0,"ok"
grid22_O,1,-0.20000000000000001,0,1,10,0,0,O,cap_1pct,0.10295105004858736,6.6306712000997215e-13,0.10292196561422884,2.9084434358520039e-05,0.000282507408567409,2.6239518695292396e-05,401,725,4388,4388,4388,6,0,"ok"
grid22_O,1,-0.20000000000000001,0,1,10,0,0,O,cap_0.1pct,0.10295105004858736,6.6306712000997215e-13,0.10295118615764154,1.3610905418015573e-07,1.3220754340623002e-06,1.2279365135814402e-07,3989,7167,43046,43046,43046,7,0,"ok"
grid22_O,1,-0.20000000000000001,0,1,10,0,0,O,thermal,0.10295105004858736,6.6306712000997215e-13,0.10295082978037218,2.2026821518139617e-07,2.139543162283837e-06,1.9871964729301084e-07,359,434,2636,3504,2636,5,0,"ok"
grid22_O,1,-0.20000000000000001,0,1,10,0,0,O,event,0.10295105004858736,6.6306712000997215e-13,0.10295105094451144,8.9592408492045195e-10,8.7024278479687578e-09,8.082768898631798e-10,727,86,517,4549,1575,0,10,"ok"
grid22_O,1,-0.20000000000000001,0,1,10,0,0,O,event_tight,0.10295105004858736,6.6306712000997215e-13,0.1029510500259707,2.2616658545970836e-11,2.1968361211757421e-10,2.0404122835770977e-11,1268,151,907,7572,2730,0,10,"ok"
grid22_E,1,-0.20000000000000001,0,1,10,0,0,E,rk,5.1436716208402302,3.5107752551949501e-13,5.1432346296648728,0.00043699117535744847,8.4957051610161884e-05,2.5509348093805465e-06,79,81,728,728,728,40,0,"ok"
grid22_E,1,-0.20000000000000001,0,1,10,0,0,E,cap_1pct,5.1436716208402302,3.5107752551949501e-13,5.1435340185026623,0.00013760233756787699,2.6751773385059006e-05,8.0313303571499794e-07,452,759,4754,4754,4754,33,0,"ok"
grid22_E,1,-0.20000000000000001,0,1,10,0,0,E,cap_0.1pct,5.1436716208402302,3.5107752551949501e-13,5.1436620977143734,9.5231258567807231e-06,1.8514257049763023e-06,5.5579340636768837e-08,4070,7229,43712,43712,43712,56,0,"ok"
grid22_E,1,-0.20000000000000001,0,1,10,0,0,E,thermal,5.1436716208402302,3.5107752551949501e-13,5.1436674741314237,4.1467088065516577e-06,8.0617681536098593e-07,2.420116306314779e-08,456,496,3332,4324,3332,59,0,"ok"
grid22_E,1,-0.20000000000000001,0,1,10,0,0,E,event,5.1436716208402302,3.5107752551949501e-13,5.14367168639754,6.5557309802954933e-08,1.274523621168608e-08,3.8260699643244411e-10,719,86,517,4579,1605,0,10,"ok"
grid22_E,1,-0.20000000000000001,0,1,10,0,0,E,event_tight,5.1436716208402302,3.5107752551949501e-13,5.1436716220200047,1.1797745003150339e-09,2.2936427269871384e-10,6.8854253895689332e-12,1263,151,907,7632,2790,0,10,"ok"
grid23_O,1,-0.20000000000000001,0,10,10,0,0,O,rk,0.10736357048292661,6.8973641450212574e-13,0.10744764240603888,8.4071923112272184e-05,0.00078305818942228309,7.5510147701574049e-05,32,45,314,314,314,7,0,"ok"
grid23_O,1,-0.20000000000000001,0,10,10,0,0,O,cap_1pct,0.10736357048292661,6.8973641450212574e-13,0.10736955906684442,5.9885839178153155e-06,5.5778546585945037e-05,5.3789243094071182e-06,403,727,4436,4436,4436,12,0,"ok"
grid23_O,1,-0.20000000000000001,0,10,10,0,0,O,cap_0.1pct,0.10736357048292661,6.8973641450212574e-13,0.10736308809073369,4.8239219291312807e-07,4.493071446332348e-06,4.3328431631461939e-07,3958,7168,43088,43088,43088,13,0,"ok"
grid23_O,1,-0.20000000000000001,0,10,10,0,0,O,thermal,0.10736357048292661,6.8973641450212574e-13,0.10736363670218552,6.6219258909594458e-08,6.1677586365409596e-07,5.9478073799468234e-08,370,434,2654,3522,2654,8,0,"ok"
grid23_O,1,-0.20000000000000001,0,10,10,0,0,O,event,0.10736357048292661,6.8973641450212574e-13,0.10736357135838603,8.7545942717426328e-10,8.1541571618418045e-09,7.8633688449514239e-10,726,86,517,4562,1605,0,10,"ok"
grid23_O,1,-0.20000000000000001,0,10,10,0,0,O,event_tight,0.10736357048292661,6.8973641450212574e-13,0.10736357044989925,3.3027358625759007e-11,3.0762164929128502e-10,2.9665159217984183e-11,1242,151,907,7530,2700,0,10,"ok"
grid23_E,1,-0.20000000000000001,0,10,10,0,0,E,rk,5.3624057665464271,3.6839065332944405e-13,5.3618851454232699,0.00052062112315720555,9.7087230213931266e-05,2.4421459040831553e-06,76,80,704,704,704,37,0,"ok"
grid23_E,1,-0.20000000000000001,0,10,10,0,0,E,cap_1pct,5.3624057665464271,3.6839065332944405e-13,5.3619193400715224,0.00048642647490471091,9.0710493774883845e-05,2.281705560202088e-06,449,758,4754,4754,4754,34,0,"ok"
grid23_E,1,-0.20000000000000001,0,10,10,0,0,E,cap_0.1pct,5.3624057665464271,3.6839065332944405e-13,5.3623961100252968,9.6565211302745979e-06,1.8007815056662017e-06,4.5285540741825392e-08,3964,7228,43724,43724,43724,59,0,"ok"
grid23_E,1,-0.20000000000000001,0,10,10,0,0,E,thermal,5.3624057665464271,3.6839065332944405e-13,5.3624007985330078,4.9680134193152981e-06,9.2645234911323558e-07,2.3298105359878529e-08,452,495,3308,4298,3308,56,0,"ok"
grid23_E,1,-0.20000000000000001,0,10,10,0,0,E,event,5.3624057665464271,3.6839065332944405e-13,5.3624057571453436,9.4010834672531018e-09,1.753146605559415e-09,4.4087419479033052e-11,718,86,517,4562,1605,0,10,"ok"
grid23_E,1,-0.20000000000000001,0,10,10,0,0,E,event_tight,5.3624057665464271,3.6839065332944405e-13,5.3624057674746526,9.2822549646598418e-10,1.7309870548341461e-10,4.353016211378069e-12,1223,151,907,7590,2760,0,10,"ok"
grid24_O,1,-0.20000000000000001,0.20000000000000001,0.10000000000000001,10,0,0,O,rk,1.253943735656649,1.0199606765779153e-12,1.2540046144827823,6.0878826133370367e-05,4.8549886571657165e-05,1.7372895413036993e-05,61,50,428,428,428,21,0,"ok"
grid24_O,1,-0.20000000000000001,0.20000000000000001,0.10000000000000001,10,0,0,O,cap_1pct,1.253943735656649,1.0199606765779153e-12,1.2540148036748948,7.1068018245856734e-05,5.6675603717291798e-05,2.0280465912680956e-05,584,732,4526,4526,4526,22,0,"ok"
grid24_O,1,-0.20000000000000001,0.20000000000000001,0.10000000000000001,10,0,0,O,cap_0.1pct,1.253943735656649,1.0199606765779153e-12,1.2539421750932658,1.5605633831849985e-06,1.2445242468297693e-06,4.4534943566265639e-07,5459,7173,43142,43142,43142,17,0,"ok"
grid24_O,1,-0.20000000000000001,0.20000000000000001,0.10000000000000001,10,0,0,O,thermal,1.253943735656649,1.0199606765779153e-12,1.2539426387460644,1.0969105845859417e-06,8.7476858282762248e-07,3.1303335823462675e-07,239,224,1454,1902,1454,18,0,"ok"
grid24_O,1,-0.20000000000000001,0.20000000000000001,0.10000000000000001,10,0,0,O,event,1.253943735656649,1.0199606765779153e-12,1.253943734501725,1.1549239342656392e-09,9.2103329792611757e-10,3.295888562071525e-10,910,86,517,4559,1590,0,10,"ok"
grid24_O,1,-0.20000000000000001,0.20000000000000001,0.10000000000000001,10,0,0,O,event_tight,1.253943735656649,1.0199606765779153e-12,1.2539437357459868,8.9337870434746947e-11,7.124551755742346e-11,2.5494995004038401e-11,1586,151,907,7617,2775,0,10,"ok"
grid24_E,1,-0.20000000000000001,0.20000000000000001,0.10000000000000001,10,0,0,E,rk,5.0287383045721397,7.5109083022922707e-13,5.0290079390846136,0.00026963451247397074,5.3618720272005099e-05,1.7650769120591131e-06,59,55,452,452,452,20,0,"ok"
grid24_E,1,-0.20000000000000001,0.20000000000000001,0.10000000000000001,10,0,0,E,cap_1pct,5.0287383045721397,7.5109083022922707e-13,5.0284772227393946,0.00026108183274509145,5.1917959721172065e-05,1.7095430845407919e-06,568,729,4466,4466,4466,15,0,"ok"
grid24_E,1,-0.20000000000000001,0.20000000000000001,0.10000000000000001,10,0,0,E,cap_0.1pct,5.0287383045721397,7.5109083022922707e-13,5.0287400615336404,1.7569615007317907e-06,3.4938415847457352e-07,1.150293238612321e-08,5493,7176,43208,43208,43208,25,0,"ok"
grid24_E,1,-0.20000000000000001,0.20000000000000001,0.10000000000000001,10,0,0,E,thermal,5.0287383045721397,7.5109083022922707e-13,5.0287405446891436,2.2401170038932605e-06,4.4546303033039944e-07,1.4666176917886575e-08,249,227,1502,1956,1502,23,0,"ok"
grid24_E,1,-0.20000000000000001,0.20000000000000001,0.10000000000000001,10,0,0,E,event,5.0287383045721397,7.5109083022922707e-13,5.0287383058540591,1.2819194594726468e-09,2.5491870561391572e-10,8.3928107519337658e-12,897,86,517,4559,1590,0,10,"ok"
grid24_E,1,-0.20000000000000001,0.20000000000000001,0.10000000000000001,10,0,0,E,event_tight,5.0287383045721397,7.5109083022922707e-13,5.0287383052078258,6.3568617036935393e-10,1.264106684158503e-10,4.1618791746245165e-12,1577,151,907,7617,2775,0,10,"ok"
grid25_O,1,-0.20000000000000001,0.20000000000000001,1,10,0,0,O,rk,1.2760444320008668,1.0383153670584267e-12,1.2759670307532431,7.7401247623676284e-05,6.0657172808872618e-05,2.160656423966234e-05,61,53,476,476,476,26,0,"ok"
grid25_O,1,-0.20000000000000001,0.20000000000000001,1,10,0,0,O,cap_1pct,1.2760444320008668,1.0383153670584267e-12,1.2758486716276283,0.00019576037323854045,0.00015341187840268517,5.4649757403990584e-05,566,728,4460,4460,4460,15,0,"ok"
grid25_O,1,-0.20000000000000001,0.20000000000000001,1,10,0,0,O,cap_0.1pct,1.2760444320008668,1.0383153670584267e-12,1.276044952620154,5.2061928723645678e-07,4.0799463888582142e-07,1.4532525199895119e-07,5431,7170,43160,43160,43160,23,0,"ok"
grid25_O,1,-0.20000000000000001,0.20000000000000001,1,10,0,0,O,thermal,1.2760444320008668,1.0383153670584267e-12,1.2760447497480802,3.1774721342969769e-07,2.4900952150346584e-07,8.8695712385788994e-08,237,219,1430,1868,1430,19,0,"ok"
grid25_O,1,-0.20000000000000001,0.20000000000000001,1,10,0,0,O,event,1.2760444320008668,1.0383153670584267e-12,1.2760444420243515,1.0023484708909791e-08,7.8551220142019176e-09,2.7979482619677754e-09,967,86,517,5270,1755,0,10,"ok"
grid25_O,1,-0.20000000000000001,0.20000000000000001,1,10,0,0,O,event_tight,1.2760444320008668,1.0383153670584267e-12,1.2760444321931943,1.9232748726949467e-10,1.5072162257541516e-10,5.3686166623378995e-11,1587,151,907,7930,2835,0,10,"ok"
grid25_E,1,-0.20000000000000001,0.20000000000000001,1,10,0,0,E,rk,5.1169644496174689,7.6667253747554703e-13,5.1166650218390783,0.00029942777839053747,5.8516681391625049e-05,1.7950960241987571e-06,60,57,458,458,458,19,0,"ok"
grid25_E,1,-0.20000000000000001,0.20000000000000001,1,10,0,0,E,cap_1pct,5.1169644496174689,7.6667253747554703e-13,5.1166370749895682,0.00032737462790066729,6.3978288519307773e-05,1.96266728611557e-06,547,731,4460,4460,4460,12,0,"ok"
grid25_E,1,-0.20000000000000001,0.20000000000000001,1,10,0,0,E,cap_0.1pct,5.1169644496174689,7.6667253747554703e-13,5.1169618259757517,2.6236417172142978e-06,5.127340131140513e-07,1.5726630132710528e-08,5359,7171,43136,43136,43136,18,0,"ok"
grid25_E,1,-0.20000000000000001,0.20000000000000001,1,10,0,0,E,thermal,5.1169644496174689,7.6667253747554703e-13,5.1169669633170995,2.5136996306684978e-06,4.9124821081303688e-07,1.5067576701090213e-08,243,227,1502,1956,1502,23,0,"ok"
grid25_E,1,-0.20000000000000001,0.20000000000000001,1,10,0,0,E,event,5.1169644496174689,7.6667253747554703e-13,5.1169644922746009,4.2657132048873336e-08,8.3364136039800462e-09,2.5569499035454912e-10,981,86,517,5240,1725,0,10,"ok"
grid25_E,1,-0.20000000000000001,0.20000000000000001,1,10,0,0,E,event_tight,5.1169644496174689,7.6667253747554703e-13,5.1169644506736516,1.0561826968569221e-09,2.0640805838232463e-10,6.3309600617511563e-12,1579,151,907,7900,2805,0,10,"ok"
grid26_O,1,-0.20000000000000001,0.20000000000000001,10,10,0,0,O,rk,1.3304103314172444,1.0834862681256339e-12,1.3303091607285507,0.00010117068869375245,7.6044725679466488e-05,2.6747722561781817e-05,55,51,428,428,428,20,0,"ok"
grid26_O,1,-0.20000000000000001,0.20000000000000001,10,10,0,0,O,cap_1pct,1.3304103314172444,1.0834862681256339e-12,1.3304389540644377,2.8622647193277118e-05,2.1514149820819797e-05,7.5668254612692998e-06,557,731,4484,4484,4484,16,0,"ok"
grid26_O,1,-0.20000000000000001,0.20000000000000001,10,10,0,0,O,cap_0.1pct,1.3304103314172444,1.0834862681256339e-12,1.3304085569133917,1.7745038527472445e-06,1.3338019187335392e-06,4.6912379980668106e-07,5289,7173,43172,43172,43172,22,0,"ok"
grid26_O,1,-0.20000000000000001,0.20000000000000001,10,10,0,0,O,thermal,1.3304103314172444,1.0834862681256339e-12,1.3304111223990152,7.9098177074854448e-07,5.9453970859196234e-07,2.0911078740804001e-07,238,227,1484,1938,1484,20,0,"ok"
grid26_O,1,-0.20000000000000001,0.20000000000000001,10,10,0,0,O,event,1.3304103314172444,1.0834862681256339e-12,1.3304103249223997,6.4948446620860523e-09,4.8818357079107303e-09,1.7170340704808496e-09,1011,86,517,5739,1845,0,10,"ok"
grid26_O,1,-0.20000000000000001,0.20000000000000001,10,10,0,0,O,event_tight,1.3304103314172444,1.0834862681256339e-12,1.3304103315831282,1.6588375117976284e-10,1.2468615679123001e-10,4.3854475606508458e-11,1715,151,907,9109,3090,0,10,"ok"
grid26_E,1,-0.20000000000000001,0.20000000000000001,10,10,0,0,E,rk,5.333886492676494,8.0783532325545685e-13,5.3336768541898323,0.0002096384866616674,3.9303139830497739e-05,1.0116704581113189e-06,58,53,428,428,428,18,0,"ok"
grid26_E,1,-0.20000000000000001,0.20000000000000001,10,10,0,0,E,cap_1pct,5.333886492676494,8.0783532325545685e-13,5.3337143695104769,0.00017212316601700195,3.2269746694709318e-05,8.306139707850782e-07,538,729,4490,4490,4490,19,0,"ok"
grid26_E,1,-0.20000000000000001,0.20000000000000001,10,10,0,0,E,cap_0.1pct,5.333886492676494,8.0783532325545685e-13,5.333888733792894,2.2411164000146755e-06,4.2016574651368415e-07,1.0814002263971612e-08,5312,7173,43184,43184,43184,24,0,"ok"
grid26_E,1,-0.20000000000000001,0.20000000000000001,10,10,0,0,E,thermal,5.333886492676494,8.0783532325545685e-13,5.3338837012351243,2.7914413696095153e-06,5.233409772484297e-07,1.3469505309726681e-08,239,223,1466,1912,1466,21,0,"ok"
grid26_E,1,-0.20000000000000001,0.20000000000000001,10,10,0,0,E,event,5.333886492676494,8.0783532325545685e-13,5.3338864490453277,4.3631166235513774e-08,8.1799952615077239e-09,2.1053260350345493e-10,1017,86,517,5739,1845,0,10,"ok"
grid26_E,1,-0.20000000000000001,0.20000000000000001,10,10,0,0,E,event_tight,5.333886492676494,8.0783532325545685e-13,5.3338864935290129,8.525189443275849e-10,1.5983072483790313e-10,4.1136425862897674e-12,1685,151,907,9079,3060,0,10,"ok"
grid27_O,1,-0.20000000000000001,0.80000000000000004,0.10000000000000001,10,0,0,O,rk,1.5414448024587857,1.0855153035742564e-12,1.5413910708180187,5.3731640766940814e-05,3.4857972650874381e-05,1.1502726624118553e-05,59,52,440,440,440,21,0,"ok"
grid27_O,1,-0.20000000000000001,0.80000000000000004,0.10000000000000001,10,0,0,O,cap_1pct,1.5414448024587857,1.0855153035742564e-12,1.5414901934172636,4.5390958477886656e-05,2.944702165493227e-05,9.716693977951385e-06,576,729,4466,4466,4466,15,0,"ok"
grid27_O,1,-0.20000000000000001,0.80000000000000004,0.10000000000000001,10,0,0,O,cap_0.1pct,1.5414448024587857,1.0855153035742564e-12,1.5414453489515161,5.4649273040219271e-07,3.5453279256608641e-07,1.169885339435961e-07,5543,7172,43148,43148,43148,19,0,"ok"
grid27_O,1,-0.20000000000000001,0.80000000000000004,0.10000000000000001,10,0,0,O,thermal,1.5414448024587857,1.0855153035742564e-12,1.5414454902133845,6.877545988270839e-07,4.4617530107470242e-07,1.4722866761851527e-07,195,180,1196,1556,1196,19,0,"ok"
grid27_O,1,-0.20000000000000001,0.80000000000000004,0.10000000000000001,10,0,0,O,event,1.5414448024587857,1.0855153035742564e-12,1.5414448028562497,3.9746406166329962e-10,2.5785163440773081e-10,8.5085744006008213e-11,909,86,517,4502,1530,0,10,"ok"
grid27_O,1,-0.20000000000000001,0.80000000000000004,0.10000000000000001,10,0,0,O,event_tight,1.5414448024587857,1.0855153035742564e-12,1.5414448025510494,9.2263752193844084e-11,5.9855372081227008e-11,1.9751034141535229e-11,1556,151,907,7601,2745,0,10,"ok"
grid27_E,1,-0.20000000000000001,0.80000000000000004,0.10000000000000001,10,0,0,E,rk,1.6731688530974627,1.0916759291428631e-12,1.6730458776838379,0.0001229754136247152,7.3498507575643862e-05,2.3077937657850489e-05,58,53,446,446,446,21,0,"ok"
grid27_E,1,-0.20000000000000001,0.80000000000000004,0.10000000000000001,10,0,0,E,cap_1pct,1.6731688530974627,1.0916759291428631e-12,1.6729538835608471,0.00021496953661559459,0.00012848047955090193,4.0343688414434808e-05,553,728,4448,4448,4448,13,0,"ok"
grid27_E,1,-0.20000000000000001,0.80000000000000004,0.10000000000000001,10,0,0,E,cap_0.1pct,1.6731688530974627,1.0916759291428631e-12,1.6731699342084925,1.0811110298103443e-06,6.4614580160808745e-07,2.0287197782797861e-07,5496,7171,43124,43124,43124,16,0,"ok"
grid27_E,1,-0.20000000000000001,0.80000000000000004,0.10000000000000001,10,0,0,E,thermal,1.6731688530974627,1.0916759291428631e-12,1.6731694965120676,6.4341460492833846e-07,3.8454851925865926e-07,1.2073766561537802e-07,204,187,1250,1624,1250,21,0,"ok"
grid27_E,1,-0.20000000000000001,0.80000000000000004,0.10000000000000001,10,0,0,E,event,1.6731688530974627,1.0916759291428631e-12,1.6731688534948457,3.9738301538250198e-10,2.3750323504220425e-10,7.456951722772942e-11,894,86,517,4502,1530,0,10,"ok"
grid27_E,1,-0.20000000000000001,0.80000000000000004,0.10000000000000001,10,0,0,E,event_tight,1.6731688530974627,1.0916759291428631e-12,1.6731688531999904,1.0252776405650366e-10,6.1277595424214713e-11,1.9239471127363572e-11,1542,151,907,7601,2745,0,10,"ok"
grid28_O,1,-0.20000000000000001,0.80000000000000004,1,10,0,0,O,rk,1.5650539469207452,1.1045055598586701e-12,1.5651265764371667,7.262951642150739e-05,4.6407036999846862e-05,1.5184590641120765e-05,54,51,422,422,422,19,0,"ok"
grid28_O,1,-0.20000000000000001,0.80000000000000004,1,10,0,0,O,cap_1pct,1.5650539469207452,1.1045055598586701e-12,1.5649406485197135,0.00011329840103169175,7.2392648991178338e-05,2.3689401595416992e-05,566,729,4460,4460,4460,14,0,"ok"
grid28_O,1,-0.20000000000000001,0.80000000000000004,1,10,0,0,O,cap_0.1pct,1.5650539469207452,1.1045055598586701e-12,1.5650540647887166,1.1786797138313432e-07,7.5312401604456123e-08,2.4643449003658446e-08,5444,7168,43118,43118,43118,18,0,"ok"
grid28_O,1,-0.20000000000000001,0.80000000000000004,1,10,0,0,O,thermal,1.5650539469207452,1.1045055598586701e-12,1.5650545587320923,6.1181134713983454e-07,3.9092029277557985e-07,1.279154790423398e-07,203,184,1256,1624,1256,25,0,"ok"
grid28_O,1,-0.20000000000000001,0.80000000000000004,1,10,0,0,O,event,1.5650539469207452,1.1045055598586701e-12,1.5650539454917816,1.4289636141029405e-09,9.1304431832170171e-10,2.9876306983922518e-10,964,86,517,5348,1710,0,10,"ok"
grid28_O,1,-0.20000000000000001,0.80000000000000004,1,10,0,0,O,event_tight,1.5650539469207452,1.1045055598586701e-12,1.5650539468423781,7.8367090594611e-11,5.0073092207970728e-11,1.6384754664144907e-11,1607,151,907,8497,2970,0,10,"ok"
grid28_E,1,-0.20000000000000001,0.80000000000000004,1,10,0,0,E,rk,1.6987843570823327,1.1113183151353522e-12,1.6988492977274845,6.4940645151834175e-05,3.8227715531457996e-05,1.1877630889584045e-05,57,54,434,434,434,18,0,"ok"
grid28_E,1,-0.20000000000000001,0.80000000000000004,1,10,0,0,E,cap_1pct,1.6987843570823327,1.1113183151353522e-12,1.6989006272334,0.00011627015106729921,6.8443149115755668e-05,2.1265241394397005e-05,544,730,4436,4436,4436,9,0,"ok"
grid28_E,1,-0.20000000000000001,0.80000000000000004,1,10,0,0,E,cap_0.1pct,1.6987843570823327,1.1113183151353522e-12,1.6987827342569515,1.6228253811867432e-06,9.5528627540104666e-07,2.9682431326727432e-07,5426,7168,43100,43100,43100,15,0,"ok"
grid28_E,1,-0.20000000000000001,0.80000000000000004,1,10,0,0,E,thermal,1.6987843570823327,1.1113183151353522e-12,1.6987835859513809,7.7113095175995738e-07,4.5393104106772982e-07,1.4104432946582257e-07,196,181,1208,1570,1208,20,0,"ok"
grid28_E,1,-0.20000000000000001,0.80000000000000004,1,10,0,0,E,event,1.6987843570823327,1.1113183151353522e-12,1.698784355562263,1.5200696257267055e-09,8.9479845949219218e-10,2.7802946056532107e-10,971,86,517,5348,1710,0,10,"ok"
grid28_E,1,-0.20000000000000001,0.80000000000000004,1,10,0,0,E,event_tight,1.6987843570823327,1.1113183151353522e-12,1.6987843569957184,8.6614271310736513e-11,5.0986030657532537e-11,1.584227193873744e-11,1622,151,907,8497,2970,0,10,"ok"
grid29_O,1,-0.20000000000000001,0.80000000000000004,10,10,0,0,O,rk,1.622337347482369,1.1516315466971198e-12,1.6222735292587718,6.3818223597245094e-05,3.9337209179263286e-05,1.2600460333384023e-05,54,51,416,416,416,18,0,"ok"
grid29_O,1,-0.20000000000000001,0.80000000000000004,10,10,0,0,O,cap_1pct,1.622337347482369,1.1516315466971198e-12,1.6224195820994236,8.2234617054588455e-05,5.0688974880720455e-05,1.6235462304670101e-05,561,732,4502,4502,4502,18,0,"ok"
grid29_O,1,-0.20000000000000001,0.80000000000000004,10,10,0,0,O,cap_0.1pct,1.622337347482369,1.1516315466971198e-12,1.6223381176357745,7.7015340549380085e-07,4.7471840963839402e-07,1.5205647385663212e-07,5392,7173,43160,43160,43160,20,0,"ok"
grid29_O,1,-0.20000000000000001,0.80000000000000004,10,10,0,0,O,thermal,1.622337347482369,1.1516315466971198e-12,1.6223364897665045,8.5771586455507531e-07,5.2869143762616654e-07,1.6934464636131352e-07,191,181,1202,1564,1202,19,0,"ok"
grid29_O,1,-0.20000000000000001,0.80000000000000004,10,10,0,0,O,event,1.622337347482369,1.1516315466971198e-12,1.6223373474699685,1.2400525051248223e-11,7.6436168288254166e-12,2.4483193250546265e-12,1119,86,517,7070,2025,0,10,"ok"
grid29_O,1,-0.20000000000000001,0.80000000000000004,10,10,0,0,O,event_tight,1.622337347482369,1.1516315466971198e-12,1.6223373474258573,5.6511684221050018e-11,3.4833497674665452e-11,1.1157491597302283e-11,1849,151,907,10926,3450,0,10,"ok"
grid29_E,1,-0.20000000000000001,0.80000000000000004,10,10,0,0,E,rk,1.7609332973276095,1.1591844574615816e-12,1.7609438101819752,1.0512854365707369e-05,5.970046895962309e-06,1.806985848284981e-06,61,54,476,476,476,25,0,"ok"
grid29_E,1,-0.20000000000000001,0.80000000000000004,10,10,0,0,E,cap_1pct,1.7609332973276095,1.1591844574615816e-12,1.760660563441848,0.00027273388576154467,0.00015488030476534535,4.6885085339815058e-05,547,729,4478,4478,4478,17,0,"ok"
grid29_E,1,-0.20000000000000001,0.80000000000000004,10,10,0,0,E,cap_0.1pct,1.7609332973276095,1.1591844574615816e-12,1.7609323792144949,9.1811311464518042e-07,5.2137870073699439e-07,1.5780936646336841e-07,5306,7175,43154,43154,43154,17,0,"ok"
grid29_E,1,-0.20000000000000001,0.80000000000000004,10,10,0,0,E,thermal,1.7609332973276095,1.1591844574615816e-12,1.7609340383881946,7.4106058511880235e-07,4.2083398970502465e-07,1.2737668442230898e-07,189,179,1184,1542,1184,18,0,"ok"
grid29_E,1,-0.20000000000000001,0.80000000000000004,10,10,0,0,E,event,1.7609332973276095,1.1591844574615816e-12,1.7609332972422693,8.5340179367676683e-11,4.8463039172005465e-11,1.4668627423830571e-11,1120,86,517,7070,2025,0,10,"ok"
grid29_E,1,-0.20000000000000001,0.80000000000000004,10,10,0,0,E,event_tight,1.7609332973276095,1.1591844574615816e-12,1.7609332972644387,6.3170801922751707e-11,3.5873478012267501e-11,1.0858064447560878e-11,1863,151,907,10926,3450,0,10,"ok"
grid30_O,1,-0.050000000000000003,-0.80000000000000004,0.10000000000000001,10,0,0,O,rk,5.305605939205897,7.5829557008464034e-13,5.3056838750335924,7.7935827695441162e-05,1.4689335881417912e-05,3.8683418486507026e-07,83,73,614,614,614,29,0,"ok"
grid30_O,1,-0.050000000000000003,-0.80000000000000004,0.10000000000000001,10,0,0,O,cap_1pct,5.305605939205897,7.5829557008464034e-13,5.305611941739973,6.0025340760105905e-06,1.1313569354359183e-06,2.9794626682511094e-08,569,741,4562,4562,4562,19,0,"ok"
grid30_O,1,-0.050000000000000003,-0.80000000000000004,0.10000000000000001,10,0,0,O,cap_0.1pct,5.305605939205897,7.5829557008464034e-13,5.3056048997795102,1.0394263867397058e-06,1.9591096637216131e-07,5.1593926509579946e-09,5507,7173,43166,43166,43166,21,0,"ok"
grid30_O,1,-0.050000000000000003,-0.80000000000000004,0.10000000000000001,10,0,0,O,thermal,5.305605939205897,7.5829557008464034e-13,5.3056047038633896,1.2353425073996505e-06,2.3283721436434973e-07,6.1318605713844843e-09,250,224,1508,1956,1508,27,0,"ok"
grid30_O,1,-0.050000000000000003,-0.80000000000000004,0.10000000000000001,10,0,0,O,event,5.305605939205897,7.5829557008464034e-13,5.3056059068372452,3.2368651758929445e-08,6.1008397777416051e-09,1.6066794335939383e-10,903,86,517,4581,1620,0,10,"ok"
grid30_O,1,-0.050000000000000003,-0.80000000000000004,0.10000000000000001,10,0,0,O,event_tight,5.305605939205897,7.5829557008464034e-13,5.3056059380919258,1.1139711375562911e-09,2.099611524716858e-10,5.5294067935474089e-12,1524,151,907,7568,2715,0,10,"ok"
grid30_E,1,-0.050000000000000003,-0.80000000000000004,0.10000000000000001,10,0,0,E,rk,5.9171900019160386,7.8726077766493669e-13,5.9172777983295815,8.7796413542839957e-05,1.48375180642181e-05,2.3640395865149808e-07,84,73,626,626,626,31,0,"ok"
grid30_E,1,-0.050000000000000003,-0.80000000000000004,0.10000000000000001,10,0,0,E,cap_1pct,5.9171900019160386,7.8726077766493669e-13,5.9170730899931181,0.00011691192292051511,1.9758014003717642e-05,3.1483370832455573e-07,584,743,4586,4586,4586,21,0,"ok"
grid30_E,1,-0.050000000000000003,-0.80000000000000004,0.10000000000000001,10,0,0,E,cap_0.1pct,5.9171900019160386,7.8726077766493669e-13,5.9171914038536659,1.4019376273211037e-06,2.3692624824741876e-07,3.7750735853298023e-09,5518,7175,43172,43172,43172,20,0,"ok"
grid30_E,1,-0.050000000000000003,-0.80000000000000004,0.10000000000000001,10,0,0,E,thermal,5.9171900019160386,7.8726077766493669e-13,5.9171889892318221,1.0126842164837058e-06,1.7114275799083511e-07,2.7269130785899376e-09,251,223,1490,1936,1490,25,0,"ok"
grid30_E,1,-0.050000000000000003,-0.80000000000000004,0.10000000000000001,10,0,0,E,event,5.9171900019160386,7.8726077766493669e-13,5.9171899658976521,3.6018386495584309e-08,6.0870762108232518e-09,9.6988735185515873e-11,898,86,517,4581,1620,0,10,"ok"
grid30_E,1,-0.050000000000000003,-0.80000000000000004,0.10000000000000001,10,0,0,E,event_tight,5.9171900019160386,7.8726077766493669e-13,5.9171900006681648,1.2478738042887016e-09,2.1088959521067079e-10,3.3602200882887345e-12,1534,151,907,7568,2715,0,10,"ok"
grid31_O,1,-0.050000000000000003,-0.80000000000000004,1,10,0,0,O,rk,5.382661142769444,7.7082364811001279e-13,5.3827356834648539,7.4540695409908153e-05,1.3848297976185822e-05,3.4254467578924419e-07,78,72,584,584,584,25,0,"ok"
grid31_O,1,-0.050000000000000003,-0.80000000000000004,1,10,0,0,O,cap_1pct,5.382661142769444,7.7082364811001279e-13,5.3829615800614858,0.00030043729204187741,5.5815754340296221e-05,1.3804750731262819e-06,555,738,4520,4520,4520,15,0,"ok"
grid31_O,1,-0.050000000000000003,-0.80000000000000004,1,10,0,0,O,cap_0.1pct,5.382661142769444,7.7082364811001279e-13,5.3826618604882004,7.1771875642667737e-07,1.33339019007502e-07,3.2983300222999556e-09,5432,7181,43238,43238,43238,25,0,"ok"
grid31_O,1,-0.050000000000000003,-0.80000000000000004,1,10,0,0,O,thermal,5.382661142769444,7.7082364811001279e-13,5.3826602356133773,9.0715606670954685e-07,1.6853300675041271e-07,4.1689066834077471e-09,235,218,1430,1866,1430,20,0,"ok"
grid31_O,1,-0.050000000000000003,-0.80000000000000004,1,10,0,0,O,event,5.382661142769444,7.7082364811001279e-13,5.3826611924759389,4.9706494920087607e-08,9.2345577032763045e-09,2.2842997719069169e-10,997,86,517,5385,1740,0,10,"ok"
grid31_O,1,-0.050000000000000003,-0.80000000000000004,1,10,0,0,O,event_tight,5.382661142769444,7.7082364811001279e-13,5.3826611448007373,2.0312933557420365e-09,3.7737715636636039e-10,9.3349633578654334e-12,1622,151,907,8347,2820,0,10,"ok"
grid31_E,1,-0.050000000000000003,-0.80000000000000004,1,10,0,0,E,rk,6.0031245249773946,8.0040803666406856e-13,6.0032100326780196,8.5507700624987137e-05,1.4243865885042445e-05,2.112821487596124e-07,81,73,602,602,602,27,0,"ok"
grid31_E,1,-0.050000000000000003,-0.80000000000000004,1,10,0,0,E,cap_1pct,6.0031245249773946,8.0040803666406856e-13,6.0032010631880039,7.6538210609378154e-05,1.2749728960464361e-05,1.8912016115819885e-07,580,740,4550,4550,4550,18,0,"ok"
grid31_E,1,-0.050000000000000003,-0.80000000000000004,1,10,0,0,E,cap_0.1pct,6.0031245249773946,8.0040803666406856e-13,6.0031263536232515,1.8286458569605202e-06,3.0461567961017869e-07,4.5186151482849712e-09,5422,7180,43220,43220,43220,23,0,"ok"
grid31_E,1,-0.050000000000000003,-0.80000000000000004,1,10,0,0,E,thermal,6.0031245249773946,8.0040803666406856e-13,6.0031257212563824,1.196278987869448e-06,1.992760574750784e-07,2.9560267475990665e-09,244,217,1412,1846,1412,18,0,"ok"
grid31_E,1,-0.050000000000000003,-0.80000000000000004,1,10,0,0,E,event,6.0031245249773946,8.0040803666406856e-13,6.0031245804706108,5.5493216244428822e-08,9.2440554936910598e-09,1.3712480673513938e-10,992,86,517,5385,1740,0,10,"ok"
grid31_E,1,-0.050000000000000003,-0.80000000000000004,1,10,0,0,E,event_tight,6.0031245249773946,8.0040803666406856e-13,6.0031245272367553,2.2593606985310544e-09,3.7636412323790036e-10,5.5829238801430314e-12,1586,151,907,8347,2820,0,10,"ok"
grid32_O,1,-0.050000000000000003,-0.80000000000000004,10,10,0,0,O,rk,5.5687254949244887,8.0028244461024734e-13,5.5689452905557397,0.00021979563125107404,3.9469647310035784e-05,8.3850291190132667e-07,74,67,554,554,554,25,0,"ok"
grid32_O,1,-0.050000000000000003,-0.80000000000000004,10,10,0,0,O,cap_1pct,5.5687254949244887,8.0028244461024734e-13,5.5689606691738307,0.00023517424934205167,4.2231251936622995e-05,8.971642226490717e-07,559,740,4556,4556,4556,19,0,"ok"
grid32_O,1,-0.050000000000000003,-0.80000000000000004,10,10,0,0,O,cap_0.1pct,5.5687254949244887,8.0028244461024734e-13,5.5687245845439755,9.1038051319713986e-07,1.6348094622852019e-07,3.4734127731146647e-09,5298,7177,43244,43244,43244,30,0,"ok"
grid32_O,1,-0.050000000000000003,-0.80000000000000004,10,10,0,0,O,thermal,5.5687254949244887,8.0028244461024734e-13,5.5687245947264659,9.0019802279073247e-07,1.6165243260979578e-07,3.4345630753503109e-09,251,223,1508,1954,1508,28,0,"ok"
grid32_O,1,-0.050000000000000003,-0.80000000000000004,10,10,0,0,O,event,5.5687254949244887,8.0028244461024734e-13,5.5687254270127964,6.7911692269717605e-08,1.2195194812819281e-08,2.5910620524149941e-10,1125,86,517,7124,2085,0,10,"ok"
grid32_O,1,-0.050000000000000003,-0.80000000000000004,10,10,0,0,O,event_tight,5.5687254949244887,8.0028244461024734e-13,5.5687254955187662,5.9427751608609469e-10,1.0671697080916233e-10,2.2673707529563547e-12,1841,151,907,10843,3360,0,10,"ok"
grid32_E,1,-0.050000000000000003,-0.80000000000000004,10,10,0,0,E,rk,6.2106290674646845,8.3201968172026908e-13,6.2107627097073079,0.00013364224262346625,2.1518310169829856e-05,2.6833220655511636e-07,73,68,542,542,542,22,0,"ok"
grid32_E,1,-0.050000000000000003,-0.80000000000000004,10,10,0,0,E,cap_1pct,6.2106290674646845,8.3201968172026908e-13,6.2106648224681082,3.5755003423787457e-05,5.7570663189491423e-06,7.1793830725905283e-08,555,740,4580,4580,4580,23,0,"ok"
grid32_E,1,-0.050000000000000003,-0.80000000000000004,10,10,0,0,E,cap_0.1pct,6.2106290674646845,8.3201968172026908e-13,6.2106312652123412,2.1977476567514032e-06,3.5386876802297456e-07,4.4130151186962119e-09,5374,7177,43196,43196,43196,22,0,"ok"
grid32_E,1,-0.050000000000000003,-0.80000000000000004,10,10,0,0,E,thermal,6.2106290674646845,8.3201968172026908e-13,6.2106301257510861,1.0582864016228655e-06,1.7039922850438101e-07,2.1250103651553054e-09,242,222,1484,1928,1484,25,0,"ok"
grid32_E,1,-0.050000000000000003,-0.80000000000000004,10,10,0,0,E,event,6.2106290674646845,8.3201968172026908e-13,6.2106289920146533,7.5450031111756743e-08,1.2148532828504136e-08,1.5150170007416364e-10,1134,86,517,7124,2085,0,10,"ok"
grid32_E,1,-0.050000000000000003,-0.80000000000000004,10,10,0,0,E,event_tight,6.2106290674646845,8.3201968172026908e-13,6.2106290681364502,6.7176575413441242e-10,1.0816388273026295e-10,1.3488880151735216e-12,1847,151,907,10843,3360,0,10,"ok"
grid33_O,1,-0.050000000000000003,-0.20000000000000001,0.10000000000000001,10,0,0,O,rk,2.777382367832903,6.5675289494517557e-13,0,2.777382367832903,1,0.9377988859006875,25,33,200,200,200,0,0,"ok"
grid33_O,1,-0.050000000000000003,-0.20000000000000001,0.10000000000000001,10,0,0,O,cap_1pct,2.777382367832903,6.5675289494517557e-13,2.777390925539343,8.5577064399267044e-06,3.0812129215769421e-06,5.3229659707776378e-07,599,742,4574,4574,4574,20,0,"ok"
grid33_O,1,-0.050000000000000003,-0.20000000000000001,0.10000000000000001,10,0,0,O,cap_0.1pct,2.777382367832903,6.5675289494517557e-13,2.7773837110635604,1.3432306573690767e-06,4.8363188048073984e-07,8.355038726842734e-08,5490,7181,43208,43208,43208,20,0,"ok"
grid33_O,1,-0.050000000000000003,-0.20000000000000001,0.10000000000000001,10,0,0,O,thermal,2.777382367832903,6.5675289494517557e-13,2.777383052124208,6.8429130495317736e-07,2.4637994137159681e-07,4.2563666972916803e-08,241,221,1442,1884,1442,19,0,"ok"
grid33_O,1,-0.050000000000000003,-0.20000000000000001,0.10000000000000001,10,0,0,O,event,2.777382367832903,6.5675289494517557e-13,2.7773823793224661,1.1489563078725951e-08,4.1368315763057374e-09,7.1466361994954042e-10,901,86,517,4567,1590,0,10,"ok"
grid33_O,1,-0.050000000000000003,-0.20000000000000001,0.10000000000000001,10,0,0,O,event_tight,2.777382367832903,6.5675289494517557e-13,2.777382368758353,9.2544993890442129e-10,3.332094095587272e-10,5.7564016053834877e-11,1511,151,907,7501,2655,0,10,"ok"
grid33_E,1,-0.050000000000000003,-0.20000000000000001,0.10000000000000001,10,0,0,E,rk,19.141759703187926,2.869203913408368e-13,0,19.141759703187926,1,0.99999999513772642,25,33,200,200,200,0,0,"ok"
grid33_E,1,-0.050000000000000003,-0.20000000000000001,0.10000000000000001,10,0,0,E,cap_1pct,19.141759703187926,2.869203913408368e-13,19.141716261954144,4.3441233781749133e-05,2.2694482876887383e-06,2.1122774924056218e-13,573,752,4628,4628,4628,19,0,"ok"
grid33_E,1,-0.050000000000000003,-0.20000000000000001,0.10000000000000001,10,0,0,E,cap_0.1pct,19.141759703187926,2.869203913408368e-13,19.14175889043474,8.127531856416681e-07,4.245969013529669e-08,3.951829910062571e-15,5469,7194,43310,43310,43310,24,0,"ok"
grid33_E,1,-0.050000000000000003,-0.20000000000000001,0.10000000000000001,10,0,0,E,thermal,19.141759703187926,2.869203913408368e-13,19.141760733323146,1.0301352197927827e-06,5.3816119090723977e-08,5.0087966347928975e-15,254,225,1526,1976,1526,29,0,"ok"
grid33_E,1,-0.050000000000000003,-0.20000000000000001,0.10000000000000001,10,0,0,E,event,19.141759703187926,2.869203913408368e-13,19.141759780284012,7.7096085959738048e-08,4.0276383757392082e-09,3.7486224352827618e-16,899,86,517,4597,1620,0,10,"ok"
grid33_E,1,-0.050000000000000003,-0.20000000000000001,0.10000000000000001,10,0,0,E,event_tight,19.141759703187926,2.869203913408368e-13,19.141759709127342,5.9394160700776411e-09,3.1028579201568771e-10,2.8879065558488237e-17,1554,151,907,7531,2685,0,10,"ok"
grid34_O,1,-0.050000000000000003,-0.20000000000000001,1,10,0,0,O,rk,2.8249241373826579,6.6788374209261987e-13,2.8250105163070582,8.6378924400332124e-05,3.0577431534272538e-05,5.1231853740452138e-06,72,63,536,536,536,26,0,"ok"
grid34_O,1,-0.050000000000000003,-0.20000000000000001,1,10,0,0,O,cap_1pct,2.8249241373826579,6.6788374209261987e-13,2.8250193081187325,9.5170736074567941e-05,3.3689660835545589e-05,5.6446081399194603e-06,563,746,4610,4610,4610,22,0,"ok"
grid34_O,1,-0.050000000000000003,-0.20000000000000001,1,10,0,0,O,cap_0.1pct,2.8249241373826579,6.6788374209261987e-13,2.8249241702853691,3.2902711222249081e-08,1.1647290200413673e-08,1.9515636259792579e-09,5367,7184,43196,43196,43196,15,0,"ok"
grid34_O,1,-0.050000000000000003,-0.20000000000000001,1,10,0,0,O,thermal,2.8249241373826579,6.6788374209261987e-13,2.8249258431579571,1.705775299232215e-06,6.038304804930606e-07,1.0117483066618416e-07,244,221,1460,1902,1460,22,0,"ok"
grid34_O,1,-0.050000000000000003,-0.20000000000000001,1,10,0,0,O,event,2.8249241373826579,6.6788374209261987e-13,2.8249241202398037,1.7142854247254036e-08,6.0684299519410081e-09,1.0167967995355909e-09,955,86,517,5237,1725,0,10,"ok"
grid34_O,1,-0.050000000000000003,-0.20000000000000001,1,10,0,0,O,event_tight,2.8249241373826579,6.6788374209261987e-13,2.8249241359188262,1.463831722503528e-09,5.1818443657739917e-10,8.6824478162661478e-11,1572,151,907,7812,2715,0,10,"ok"
grid34_E,1,-0.050000000000000003,-0.20000000000000001,1,10,0,0,E,rk,19.469329062513015,2.9215694051672319e-13,19.469413731588439,8.4669075423704498e-05,4.3488440280527979e-06,2.9667725606632404e-13,72,65,530,530,530,23,0,"ok"
grid34_E,1,-0.050000000000000003,-0.20000000000000001,1,10,0,0,E,cap_1pct,19.469329062513015,2.9215694051672319e-13,19.469274559004479,5.4503508536640766e-05,2.7994548944978226e-06,1.9099153405136352e-13,581,751,4646,4646,4646,23,0,"ok"
grid34_E,1,-0.050000000000000003,-0.20000000000000001,1,10,0,0,E,cap_0.1pct,19.469329062513015,2.9215694051672319e-13,19.469328503634262,5.5887875305415946e-07,2.8705599009585071e-08,1.9583735838768834e-15,5330,7185,43232,43232,43232,20,0,"ok"
grid34_E,1,-0.050000000000000003,-0.20000000000000001,1,10,0,0,E,thermal,19.469329062513015,2.9215694051672319e-13,19.469330284243533,1.2217305176420723e-06,6.2751546995753363e-08,4.281076404381703e-15,245,223,1508,1954,1508,28,0,"ok"
grid34_E,1,-0.050000000000000003,-0.20000000000000001,1,10,0,0,E,event,19.469329062513015,2.9215694051672319e-13,19.469328938153037,1.2435997831516943e-07,6.3874814543361354e-09,4.3577116184674879e-16,968,86,517,5267,1755,0,10,"ok"
grid34_E,1,-0.050000000000000003,-0.20000000000000001,1,10,0,0,E,event_tight,19.469329062513015,2.9215694051672319e-13,19.469329052051989,1.0461025823360615e-08,5.3730797757703276e-10,3.6656592804119596e-17,1568,151,907,7842,2745,0,10,"ok"
grid35_O,1,-0.050000000000000003,-0.20000000000000001,10,10,0,0,O,rk,2.9415119568698662,6.9452320079345814e-13,0,2.9415119568698662,1,0.94721414156795158,25,33,200,200,200,0,0,"ok"
grid35_O,1,-0.050000000000000003,-0.20000000000000001,10,10,0,0,O,cap_1pct,2.9415119568698662,6.9452320079345814e-13,2.9414486567664291,6.3300103437136102e-05,2.1519580530447771e-05,3.3414560549061001e-06,567,746,4628,4628,4628,25,0,"ok"
grid35_O,1,-0.050000000000000003,-0.20000000000000001,10,10,0,0,O,cap_0.1pct,2.9415119568698662,6.9452320079345814e-13,2.9415112710555795,6.8581428669389766e-07,2.3315026311288198e-07,3.6201308256655906e-08,5213,7184,43214,43214,43214,18,0,"ok"
grid35_O,1,-0.050000000000000003,-0.20000000000000001,10,10,0,0,O,thermal,2.9415119568698662,6.9452320079345814e-13,2.941512645638352,6.8876848580146088e-07,2.3415457625213804e-07,3.6357223266725303e-08,243,218,1424,1860,1424,19,0,"ok"
grid35_O,1,-0.050000000000000003,-0.20000000000000001,10,10,0,0,O,event,2.9415119568698662,6.9452320079345814e-13,2.9415119131400891,4.37297771327394e-08,1.4866428480975243e-08,2.3083138733781539e-09,1012,86,517,5708,1815,0,10,"ok"
grid35_O,1,-0.050000000000000003,-0.20000000000000001,10,10,0,0,O,event_tight,2.9415119568698662,6.9452320079345814e-13,2.9415119542475319,2.6223343496667439e-09,8.9149199055346796e-10,1.3842216955994857e-10,1686,151,907,9019,3000,0,10,"ok"
grid35_E,1,-0.050000000000000003,-0.20000000000000001,10,10,0,0,E,rk,20.272612848878389,3.0384739263184717e-13,0,20.272612848878389,1,0.99999999843066334,26,33,200,200,200,0,0,"ok"
grid35_E,1,-0.050000000000000003,-0.20000000000000001,10,10,0,0,E,cap_1pct,20.272612848878389,3.0384739263184717e-13,20.272869666909443,0.00025681803105470635,1.2668225500538535e-05,4.0298218924118734e-13,603,749,4658,4658,4658,27,0,"ok"
grid35_E,1,-0.050000000000000003,-0.20000000000000001,10,10,0,0,E,cap_0.1pct,20.272612848878389,3.0384739263184717e-13,20.272614879305134,2.0304267458470804e-06,1.001561446954489e-07,3.186419789369668e-15,5342,7193,43334,43334,43334,29,0,"ok"
grid35_E,1,-0.050000000000000003,-0.20000000000000001,10,10,0,0,E,thermal,20.272612848878389,3.0384739263184717e-13,20.27261333456044,4.8568205102128559e-07,2.3957545810290391e-08,7.6219843790227678e-16,237,224,1472,1920,1472,21,0,"ok"
grid35_E,1,-0.050000000000000003,-0.20000000000000001,10,10,0,0,E,event,20.272612848878389,3.0384739263184717e-13,20.272612556578114,2.923002746513248e-07,1.4418480579206481e-08,4.5871758899712836e-16,1031,86,517,5738,1845,0,10,"ok"
grid35_E,1,-0.050000000000000003,-0.20000000000000001,10,10,0,0,E,event_tight,20.272612848878389,3.0384739263184717e-13,20.272612830863899,1.8014489455708826e-08,8.886121187237837e-10,2.8270798088252215e-17,1683,151,907,9019,3000,0,10,"ok"
grid36_O,1,-0.050000000000000003,0,0.10000000000000001,10,0,0,O,rk,0.025454246591024375,4.8613544797421235e-13,0,0.025454246591024375,1,0.025133018566925847,19,33,200,200,200,0,0,"ok"
grid36_O,1,-0.050000000000000003,0,0.10000000000000001,10,0,0,O,cap_1pct,0.025454246591024375,4.8613544797421235e-13,0.025439155866650465,1.5090724373910402e-05,0.0005928568468898098,1.4711559921831707e-05,417,730,4418,4418,4418,6,0,"ok"
grid36_O,1,-0.050000000000000003,0,0.10000000000000001,10,0,0,O,cap_0.1pct,0.025454246591024375,4.8613544797421235e-13,0.025454191181047414,5.5409976960907326e-08,2.1768460819596945e-06,5.4017358475100252e-08,4051,7174,43136,43136,43136,15,0,"ok"
grid36_O,1,-0.050000000000000003,0,0.10000000000000001,10,0,0,O,thermal,0.025454246591024375,4.8613544797421235e-13,0.025455613936483656,1.367345459281355e-06,5.3717773747171349e-05,1.3329790291560784e-06,480,569,3428,4566,3428,2,0,"ok"
grid36_O,1,-0.050000000000000003,0,0.10000000000000001,10,0,0,O,event,0.025454246591024375,4.8613544797421235e-13,0.025454246548435325,4.2589050341934609e-11,1.6731609081273013e-09,4.1518677384999592e-11,717,86,517,4591,1635,0,10,"ok"
grid36_O,1,-0.050000000000000003,0,0.10000000000000001,10,0,0,O,event_tight,0.025454246591024375,4.8613544797421235e-13,0.025454246591287505,2.6312979573006601e-13,1.0337363346784356e-11,2.5646151868841116e-13,1228,151,907,7507,2670,0,10,"ok"
grid36_E,1,-0.050000000000000003,0,0.10000000000000001,10,0,0,E,rk,20.363230878541529,7.4197892252388302e-13,0,20.363230878541529,1,0.99999999856662047,19,33,200,200,200,0,0,"ok"
grid36_E,1,-0.050000000000000003,0,0.10000000000000001,10,0,0,E,cap_1pct,20.363230878541529,7.4197892252388302e-13,20.36074534209849,0.0024855364430393934,0.00012206002367034079,3.5671483416438445e-12,464,768,4844,4844,4844,39,0,"ok"
grid36_E,1,-0.050000000000000003,0,0.10000000000000001,10,0,0,E,cap_0.1pct,20.363230878541529,7.4197892252388302e-13,20.363199845674359,3.103286717021092e-05,1.5239657869278934e-06,4.4482566528682697e-14,4183,7257,43916,43916,43916,62,0,"ok"
grid36_E,1,-0.050000000000000003,0,0.10000000000000001,10,0,0,E,thermal,20.363230878541529,7.4197892252388302e-13,20.363215756360354,1.5122181174831439e-05,7.4262189851056342e-07,2.1675988722867457e-14,558,635,4160,5430,4160,58,0,"ok"
grid36_E,1,-0.050000000000000003,0,0.10000000000000001,10,0,0,E,event,20.363230878541529,7.4197892252388302e-13,20.36323085105802,2.7483508802106371e-08,1.3496634677490242e-09,3.939429924259655e-17,717,86,517,4621,1665,0,10,"ok"
grid36_E,1,-0.050000000000000003,0,0.10000000000000001,10,0,0,E,event_tight,20.363230878541529,7.4197892252388302e-13,20.36323087958808,1.046551290073694e-09,5.1394167080653895e-11,1.5001052757547165e-18,1224,151,907,7567,2730,0,10,"ok"
grid37_O,1,-0.050000000000000003,0,1,10,0,0,O,rk,0.025900717788918018,4.9462928640012784e-13,0,0.025900717788918018,1,0.025568171447070909,19,33,200,200,200,0,0,"ok"
grid37_O,1,-0.050000000000000003,0,1,10,0,0,O,cap_1pct,0.025900717788918018,4.9462928640012784e-13,0.025895169870597701,5.5479183203172022e-06,0.00021419940426094895,5.4060831897739803e-06,396,729,4412,4412,4412,6,0,"ok"
grid37_O,1,-0.050000000000000003,0,1,10,0,0,O,cap_0.1pct,0.025900717788918018,4.9462928640012784e-13,0.025900361812196127,3.5597672189136009e-07,1.3743894080173704e-05,3.4687510985786929e-07,3950,7174,43130,43130,43130,14,0,"ok"
grid37_O,1,-0.050000000000000003,0,1,10,0,0,O,thermal,0.025900717788918018,4.9462928640012784e-13,0.025901247996719445,5.3020780142742918e-07,2.0470776360270832e-05,5.166512204723972e-07,469,570,3458,4598,3458,6,0,"ok"
grid37_O,1,-0.050000000000000003,0,1,10,0,0,O,event,0.025900717788918018,4.9462928640012784e-13,0.025900718189146747,4.0022872863088033e-10,1.5452418419157625e-08,3.8999559137664619e-10,748,86,517,4619,1635,0,10,"ok"
grid37_O,1,-0.050000000000000003,0,1,10,0,0,O,event_tight,0.025900717788918018,4.9462928640012784e-13,0.025900717802344438,1.3426419698259195e-11,5.1838021662874049e-10,1.308309016678777e-11,1212,151,907,7519,2670,0,10,"ok"
grid37_E,1,-0.050000000000000003,0,1,10,0,0,E,rk,20.720240275220682,7.5347666965073782e-13,0,20.720240275220682,1,0.9999999989969699,19,33,200,200,200,0,0,"ok"
grid37_E,1,-0.050000000000000003,0,1,10,0,0,E,cap_1pct,20.720240275220682,7.5347666965073782e-13,20.717607767819725,0.002632507400956996,0.00012705004218050548,2.643962874779121e-12,441,768,4838,4838,4838,38,0,"ok"
grid37_E,1,-0.050000000000000003,0,1,10,0,0,E,cap_0.1pct,20.720240275220682,7.5347666965073782e-13,20.720216222428533,2.4052792149120705e-05,1.1608355805547978e-06,2.4125965704659566e-14,4023,7258,43916,43916,43916,61,0,"ok"
grid37_E,1,-0.050000000000000003,0,1,10,0,0,E,thermal,20.720240275220682,7.5347666965073782e-13,20.720205837010006,3.4438210676057679e-05,1.6620565311321368e-06,3.4543158190270041e-14,564,633,4142,5408,4142,57,0,"ok"
grid37_E,1,-0.050000000000000003,0,1,10,0,0,E,event,20.720240275220682,7.5347666965073782e-13,20.720240601195918,3.2597523613731028e-07,1.573221313109693e-08,3.2696293443877473e-16,733,86,517,4649,1665,0,10,"ok"
grid37_E,1,-0.050000000000000003,0,1,10,0,0,E,event_tight,20.720240275220682,7.5347666965073782e-13,20.720240286767314,1.1546632094905362e-08,5.5726342655948687e-10,1.1581620040560651e-17,1248,151,907,7579,2730,0,10,"ok"
grid38_O,1,-0.050000000000000003,0,10,10,0,0,O,rk,0.026998392173743092,5.1551011507296807e-13,1.2134737659152961e-13,0.026998392173621745,0.99999999999550537,0.026637193478522114,18,33,200,200,200,0,0,"ok"
grid38_O,1,-0.050000000000000003,0,10,10,0,0,O,cap_1pct,0.026998392173743092,5.1551011507296807e-13,8.865139551006429e-05,0.026909740778233028,0.99671641944677425,0.026548546012552299,374,721,4328,4328,4328,0,0,"ok"
grid38_O,1,-0.050000000000000003,0,10,10,0,0,O,cap_0.1pct,0.026998392173743092,5.1551011507296807e-13,0.026999709683454887,1.3175097117942847e-06,4.8799561963382775e-05,1.28241410590757e-06,3836,7172,43094,43094,43094,10,0,"ok"
grid38_O,1,-0.050000000000000003,0,10,10,0,0,O,thermal,0.026998392173743092,5.1551011507296807e-13,0.026998789454840466,3.9728109737374728e-07,1.4714990982319215e-05,3.8669856716744277e-07,479,568,3440,4576,3440,5,0,"ok"
grid38_O,1,-0.050000000000000003,0,10,10,0,0,O,event,0.026998392173743092,5.1551011507296807e-13,0.02699839197495894,1.9878415233320901e-10,7.3628144614675885e-09,1.9348900259785751e-10,729,86,517,4593,1635,0,10,"ok"
grid38_O,1,-0.050000000000000003,0,10,10,0,0,O,event_tight,0.026998392173743092,5.1551011507296807e-13,0.026998392188715869,1.4972776490873585e-11,5.5458030220907553e-10,1.4574008666556892e-11,1231,151,907,7506,2670,0,10,"ok"
grid38_E,1,-0.050000000000000003,0,10,10,0,0,E,rk,21.597925132909037,7.8466507183498848e-13,1.5440981826486677e-12,21.597925132907491,0.99999999999992839,0.9999999995814518,18,33,200,200,200,0,0,"ok"
grid38_E,1,-0.050000000000000003,0,10,10,0,0,E,cap_1pct,21.597925132909037,7.8466507183498848e-13,21.593834423096279,0.0040907098127576091,0.00018940290734337911,1.709336459002539e-12,443,766,4826,4826,4826,38,0,"ok"
grid38_E,1,-0.050000000000000003,0,10,10,0,0,E,cap_0.1pct,21.597925132909037,7.8466507183498848e-13,21.59791079779869,1.4335110346763713e-05,6.6372627271131339e-07,5.9778422113431956e-15,3900,7258,43934,43934,43934,64,0,"ok"
grid38_E,1,-0.050000000000000003,0,10,10,0,0,E,thermal,21.597925132909037,7.8466507183498848e-13,21.597884938697362,4.0194211674560165e-05,1.8610219003544802e-06,1.6761486731892192e-14,556,631,4130,5392,4130,57,0,"ok"
grid38_E,1,-0.050000000000000003,0,10,10,0,0,E,event,21.597925132909037,7.8466507183498848e-13,21.597924954025441,1.788835959359858e-07,8.2824435604426913e-09,7.4595194324037857e-17,726,86,517,4623,1665,0,10,"ok"
grid38_E,1,-0.050000000000000003,0,10,10,0,0,E,event_tight,21.597925132909037,7.8466507183498848e-13,21.597925146239092,1.3330055281812747e-08,6.1719147555991708e-10,5.5586872688699427e-18,1250,151,907,7596,2760,0,10,"ok"
grid39_O,1,-0.050000000000000003,0.20000000000000001,0.10000000000000001,10,0,0,O,rk,3.5886118182763465,2.9523389749774732e-13,0,3.5886118182763465,1,0.9723633314748843,26,33,200,200,200,0,0,"ok"
grid39_O,1,-0.050000000000000003,0.20000000000000001,0.10000000000000001,10,0,0,O,cap_1pct,3.5886118182763465,2.9523389749774732e-13,3.5883914661042837,0.00022035217206273217,6.1403178504988034e-05,6.0904709376918831e-06,571,737,4544,4544,4544,20,0,"ok"
grid39_O,1,-0.050000000000000003,0.20000000000000001,0.10000000000000001,10,0,0,O,cap_0.1pct,3.5886118182763465,2.9523389749774732e-13,3.5886101775061832,1.6407701632914495e-06,4.572158389868791e-07,4.5345458329210109e-08,5555,7179,43208,43208,43208,22,0,"ok"
grid39_O,1,-0.050000000000000003,0.20000000000000001,0.10000000000000001,10,0,0,O,thermal,3.5886118182763465,2.9523389749774732e-13,3.5886117970740212,2.1202325228841801e-08,5.9082247683800843e-09,5.859616403203205e-10,275,245,1580,2070,1580,18,0,"ok"
grid39_O,1,-0.050000000000000003,0.20000000000000001,0.10000000000000001,10,0,0,O,event,3.5886118182763465,2.9523389749774732e-13,3.5886118413373462,2.3060999776447488e-08,6.4261616870904596e-09,6.3732919983183756e-10,896,86,517,4552,1590,0,10,"ok"
grid39_O,1,-0.050000000000000003,0.20000000000000001,0.10000000000000001,10,0,0,O,event_tight,3.5886118182763465,2.9523389749774732e-13,3.5886118199158812,1.6395347302022856e-09,4.5687157408676591e-10,4.5311279034399021e-11,1532,151,907,7502,2655,0,10,"ok"
grid39_E,1,-0.050000000000000003,0.20000000000000001,0.10000000000000001,10,0,0,E,rk,19.585811778774627,3.2925097241227046e-13,0,19.585811778774627,1,0.99999999688118213,25,33,200,200,200,0,0,"ok"
grid39_E,1,-0.050000000000000003,0.20000000000000001,0.10000000000000001,10,0,0,E,cap_1pct,19.585811778774627,3.2925097241227046e-13,19.584927983972147,0.00088379480247979814,4.5124236486208698e-05,2.7576134701285508e-12,578,741,4556,4556,4556,18,0,"ok"
grid39_E,1,-0.050000000000000003,0.20000000000000001,0.10000000000000001,10,0,0,E,cap_0.1pct,19.585811778774627,3.2925097241227046e-13,19.58580506971548,6.7090591464591398e-06,3.4254690192263698e-07,2.0924404082595949e-14,5539,7184,43256,43256,43256,25,0,"ok"
grid39_E,1,-0.050000000000000003,0.20000000000000001,0.10000000000000001,10,0,0,E,thermal,19.585811778774627,3.2925097241227046e-13,19.585825433214978,1.3654440351729136e-05,6.9715978617371438e-07,4.2585422512864503e-14,252,246,1562,2054,1562,14,0,"ok"
grid39_E,1,-0.050000000000000003,0.20000000000000001,0.10000000000000001,10,0,0,E,event,19.585811778774627,3.2925097241227046e-13,19.58581190578186,1.2700723317493612e-07,6.4846550456782872e-09,3.9611240965359658e-16,909,86,517,4552,1590,0,10,"ok"
grid39_E,1,-0.050000000000000003,0.20000000000000001,0.10000000000000001,10,0,0,E,event_tight,19.585811778774627,3.2925097241227046e-13,19.585811787918992,9.1443652650013973e-09,4.6688722266346155e-10,2.8519610087400256e-17,1537,151,907,7502,2655,0,10,"ok"
grid40_O,1,-0.050000000000000003,0.20000000000000001,1,10,0,0,O,rk,3.6505605423221796,3.0075116539365269e-13,0,3.6505605423221796,1,0.97402343626638288,25,33,200,200,200,0,0,"ok"
grid40_O,1,-0.050000000000000003,0.20000000000000001,1,10,0,0,O,cap_1pct,3.6505605423221796,3.0075116539365269e-13,3.6505756539732386,1.5111651058941078e-05,4.1395426493401794e-06,3.925458008369187e-07,553,737,4562,4562,4562,23,0,"ok"
grid40_O,1,-0.050000000000000003,0.20000000000000001,1,10,0,0,O,cap_0.1pct,3.6505605423221796,3.0075116539365269e-13,3.6505612635223477,7.2120016803012277e-07,1.9755874739481951e-07,1.8734295371969356e-08,5405,7179,43184,43184,43184,18,0,"ok"
grid40_O,1,-0.050000000000000003,0.20000000000000001,1,10,0,0,O,thermal,3.6505605423221796,3.0075116539365269e-13,3.6505620396961271,1.4973739475010461e-06,4.1017644554623461e-07,3.8896600659116265e-08,259,238,1538,2014,1538,18,0,"ok"
grid40_O,1,-0.050000000000000003,0.20000000000000001,1,10,0,0,O,event,3.6505605423221796,3.0075116539365269e-13,3.6505605602890361,1.7966856447060309e-08,4.9216705869590388e-09,4.6671718573199072e-10,966,86,517,5270,1755,0,10,"ok"
grid40_O,1,-0.050000000000000003,0.20000000000000001,1,10,0,0,O,event_tight,3.6505605423221796,3.0075116539365269e-13,3.6505605437306001,1.4084204913444864e-09,3.8580937776985005e-10,3.6585925261567454e-11,1600,151,907,7842,2745,0,10,"ok"
grid40_E,1,-0.050000000000000003,0.20000000000000001,1,10,0,0,E,rk,19.92381708492012,3.3246452667859742e-13,0,19.92381708492012,1,0.9999999977756856,26,33,200,200,200,0,0,"ok"
grid40_E,1,-0.050000000000000003,0.20000000000000001,1,10,0,0,E,cap_1pct,19.92381708492012,3.3246452667859742e-13,19.924531472295236,0.00071438737511542172,3.5855949292775086e-05,1.5884547018502294e-12,561,740,4532,4532,4532,15,0,"ok"
grid40_E,1,-0.050000000000000003,0.20000000000000001,1,10,0,0,E,cap_0.1pct,19.92381708492012,3.3246452667859742e-13,19.9238303500161,1.3265095979875241e-05,6.6579089354897194e-07,2.950554886061626e-14,5459,7179,43214,43214,43214,23,0,"ok"
grid40_E,1,-0.050000000000000003,0.20000000000000001,1,10,0,0,E,thermal,19.92381708492012,3.3246452667859742e-13,19.923809205914083,7.8790060378253202e-06,3.9545665392545481e-07,1.7525455957052683e-14,263,247,1604,2098,1604,20,0,"ok"
grid40_E,1,-0.050000000000000003,0.20000000000000001,1,10,0,0,E,event,19.92381708492012,3.3246452667859742e-13,19.923817176060503,9.1140382352250526e-08,4.5744438409461502e-09,2.0272485956013765e-16,982,86,517,5270,1755,0,10,"ok"
grid40_E,1,-0.050000000000000003,0.20000000000000001,1,10,0,0,E,event_tight,19.92381708492012,3.3246452667859742e-13,19.923817092261594,7.3414732071341859e-09,3.6847724388569991e-10,1.6329744703684968e-17,1554,151,907,7842,2745,0,10,"ok"
grid41_O,1,-0.050000000000000003,0.20000000000000001,10,10,0,0,O,rk,3.8026113607672323,3.1305517772354293e-13,1.2941555084911016e-05,3.8025984192121474,0.99999659666638074,0.97767462861935961,25,33,200,200,200,0,0,"ok"
grid41_O,1,-0.050000000000000003,0.20000000000000001,10,10,0,0,O,cap_1pct,3.8026113607672323,3.1305517772354293e-13,3.8026678077502125,5.6446982980240534e-05,1.4844268221207737e-05,1.2594338053839582e-06,581,738,4526,4526,4526,16,0,"ok"
grid41_O,1,-0.050000000000000003,0.20000000000000001,10,10,0,0,O,cap_0.1pct,3.8026113607672323,3.1305517772354293e-13,3.8026107362090813,6.2455815097450795e-07,1.6424453927063801e-07,1.3935414319016237e-08,6893,7179,43166,43166,43166,15,0,"ok"
grid41_O,1,-0.050000000000000003,0.20000000000000001,10,10,0,0,O,thermal,3.8026113607672323,3.1305517772354293e-13,3.8026123586389557,9.978717234737644e-07,2.6241748861562051e-07,2.2264931780202613e-08,274,246,1592,2084,1592,19,0,"ok"
grid41_O,1,-0.050000000000000003,0.20000000000000001,10,10,0,0,O,event,3.8026113607672323,3.1305517772354293e-13,3.8026112766083409,8.415889141133448e-08,2.2131867663266592e-08,1.8777894447707943e-09,1008,86,517,5764,1875,0,10,"ok"
grid41_O,1,-0.050000000000000003,0.20000000000000001,10,10,0,0,O,event_tight,3.8026113607672323,3.1305517772354293e-13,3.8026113613009649,5.3373261366118641e-10,1.4035949588955576e-10,1.1908869723686877e-11,1657,151,907,9017,3000,0,10,"ok"
grid41_E,1,-0.050000000000000003,0.20000000000000001,10,10,0,0,E,rk,20.753413793547974,3.3849354105480831e-13,4.1972128279055276e-05,20.753371821419694,0.99999797757955888,0.99995802778223641,24,33,200,200,200,0,0,"ok"
grid41_E,1,-0.050000000000000003,0.20000000000000001,10,10,0,0,E,cap_1pct,20.753413793547974,3.3849354105480831e-13,20.754136150487628,0.00072235693965438941,3.4806656236910907e-05,7.0065126399877914e-13,548,742,4556,4556,4556,17,0,"ok"
grid41_E,1,-0.050000000000000003,0.20000000000000001,10,10,0,0,E,cap_0.1pct,20.753413793547974,3.3849354105480831e-13,20.75340254621344,1.1247334533948106e-05,5.4195105662302108e-07,1.0913372120057536e-14,5328,7176,43202,43202,43202,24,0,"ok"
grid41_E,1,-0.050000000000000003,0.20000000000000001,10,10,0,0,E,thermal,20.753413793547974,3.3849354105480831e-13,20.753410945375816,2.8481721585649211e-06,1.372387303071261e-07,2.7635909644274182e-15,255,246,1598,2090,1598,20,0,"ok"
grid41_E,1,-0.050000000000000003,0.20000000000000001,10,10,0,0,E,event,20.753413793547974,3.3849354105480831e-13,20.75341333427501,4.592729645480631e-07,2.2129996014961473e-08,4.4563356018960218e-16,1044,86,517,5764,1875,0,10,"ok"
grid41_E,1,-0.050000000000000003,0.20000000000000001,10,10,0,0,E,event_tight,20.753413793547974,3.3849354105480831e-13,20.753413795712355,2.1643806746851624e-09,1.0429034452915146e-10,2.1001028010215865e-18,1665,151,907,9047,3030,0,10,"ok"
grid42_O,1,-0.050000000000000003,0.80000000000000004,0.10000000000000001,10,0,0,O,rk,5.6647180474296261,5.9231522243710387e-13,5.6647547170487824,3.6669619156270983e-05,6.4733352744555176e-06,1.2709915033024682e-07,58,53,440,440,440,20,0,"ok"
grid42_O,1,-0.050000000000000003,0.80000000000000004,0.10000000000000001,10,0,0,O,cap_1pct,5.6647180474296261,5.9231522243710387e-13,5.6650704403863283,0.00035239295670219661,6.2208384204063852e-05,1.221222820280924e-06,613,731,4478,4478,4478,15,0,"ok"
grid42_O,1,-0.050000000000000003,0.80000000000000004,0.10000000000000001,10,0,0,O,cap_0.1pct,5.6647180474296261,5.9231522243710387e-13,5.6647200755176685,2.0280880423939607e-06,3.5802100394285441e-07,7.0295993704824755e-09,5591,7176,43148,43148,43148,15,0,"ok"
grid42_O,1,-0.050000000000000003,0.80000000000000004,0.10000000000000001,10,0,0,O,thermal,5.6647180474296261,5.9231522243710387e-13,5.6647189386882548,8.912586286768942e-07,1.5733503789854184e-07,3.0892123642142777e-09,229,218,1424,1860,1424,19,0,"ok"
grid42_O,1,-0.050000000000000003,0.80000000000000004,0.10000000000000001,10,0,0,O,event,5.6647180474296261,5.9231522243710387e-13,5.6647180153412338,3.2088392387663589e-08,5.6646053905937551e-09,1.1122237852934092e-10,930,86,517,4561,1590,0,10,"ok"
grid42_O,1,-0.050000000000000003,0.80000000000000004,0.10000000000000001,10,0,0,O,event_tight,5.6647180474296261,5.9231522243710387e-13,5.6647180495379645,2.1083383927589239e-09,3.7218770203674751e-10,7.3077642027963297e-12,1563,151,907,7548,2685,0,10,"ok"
grid42_E,1,-0.050000000000000003,0.80000000000000004,0.10000000000000001,10,0,0,E,rk,6.2445014646524246,5.8964792953807615e-13,6.2448336834143614,0.00033221876193678668,5.3201807032529591e-05,6.4476208157119089e-07,56,53,428,428,428,18,0,"ok"
grid42_E,1,-0.050000000000000003,0.80000000000000004,0.10000000000000001,10,0,0,E,cap_1pct,6.2445014646524246,5.8964792953807615e-13,6.2435499847479869,0.00095147990443766872,0.00015237083533787418,1.8477947105017493e-06,555,731,4484,4484,4484,16,0,"ok"
grid42_E,1,-0.050000000000000003,0.80000000000000004,0.10000000000000001,10,0,0,E,cap_0.1pct,6.2445014646524246,5.8964792953807615e-13,6.2445037881672434,2.3235148187694676e-06,3.7208972276200703e-07,4.5101648271130002e-09,5502,7176,43178,43178,43178,20,0,"ok"
grid42_E,1,-0.050000000000000003,0.80000000000000004,0.10000000000000001,10,0,0,E,thermal,6.2445014646524246,5.8964792953807615e-13,6.244499313275675,2.1513767496372793e-06,3.445233797790497e-07,4.1760376899135226e-09,253,223,1484,1930,1484,24,0,"ok"
grid42_E,1,-0.050000000000000003,0.80000000000000004,0.10000000000000001,10,0,0,E,event,6.2445014646524246,5.8964792953807615e-13,6.2445014291959371,3.5456487523788383e-08,5.6780333425323213e-09,6.8824519651108917e-11,883,86,517,4561,1590,0,10,"ok"
grid42_E,1,-0.050000000000000003,0.80000000000000004,0.10000000000000001,10,0,0,E,event_tight,6.2445014646524246,5.8964792953807615e-13,6.2445014669807737,2.3283490691028419e-09,3.7286388389572431e-10,4.519553785040098e-12,1507,151,907,7548,2685,0,10,"ok"
grid43_O,1,-0.050000000000000003,0.80000000000000004,1,10,0,0,O,rk,5.7486182005212259,6.0307707852962957e-13,5.748349465693452,0.00026873482777389768,4.6747725870806927e-05,8.5662184936587116e-07,61,57,464,464,464,20,0,"ok"
grid43_O,1,-0.050000000000000003,0.80000000000000004,1,10,0,0,O,cap_1pct,5.7486182005212259,6.0307707852962957e-13,5.7481964651920938,0.0004217353291320336,7.3362904687911777e-05,1.3444306430016387e-06,573,734,4508,4508,4508,17,0,"ok"
grid43_O,1,-0.050000000000000003,0.80000000000000004,1,10,0,0,O,cap_0.1pct,5.7486182005212259,6.0307707852962957e-13,5.748620792005358,2.5914841321750259e-06,4.5080122592592018e-07,8.2595203619237334e-09,5448,7175,43190,43190,43190,23,0,"ok"
grid43_O,1,-0.050000000000000003,0.80000000000000004,1,10,0,0,O,thermal,5.7486182005212259,6.0307707852962957e-13,5.7486183169848246,1.1646359876493761e-07,2.0259407513683528e-08,3.7119064072443919e-10,241,218,1442,1878,1442,22,0,"ok"
grid43_O,1,-0.050000000000000003,0.80000000000000004,1,10,0,0,O,event,5.7486182005212259,6.0307707852962957e-13,5.748618245660758,4.5139532112159486e-08,7.852240405888618e-09,1.4386789199197225e-10,997,86,517,5401,1770,0,10,"ok"
grid43_O,1,-0.050000000000000003,0.80000000000000004,1,10,0,0,O,event_tight,5.7486182005212259,6.0307707852962957e-13,5.7486181993545751,1.1666507759855449e-09,2.0294455733375457e-10,3.7183281627328757e-12,1648,151,907,8399,2880,0,10,"ok"
grid43_E,1,-0.050000000000000003,0.80000000000000004,1,10,0,0,E,rk,6.3369859172215852,5.9963112798175567e-13,6.3366997302939172,0.00028618692766801956,4.5161363999605756e-05,5.0651687965425594e-07,68,60,524,524,524,27,0,"ok"
grid43_E,1,-0.050000000000000003,0.80000000000000004,1,10,0,0,E,cap_1pct,6.3369859172215852,5.9963112798175567e-13,6.3373593939821298,0.00037347676054455548,5.8936025016180594e-05,6.6079153445168168e-07,556,736,4526,4526,4526,18,0,"ok"
grid43_E,1,-0.050000000000000003,0.80000000000000004,1,10,0,0,E,cap_0.1pct,6.3369859172215852,5.9963112798175567e-13,6.3369873501507623,1.4329291770920349e-06,2.2612156564808881e-07,2.5357497939523105e-09,5428,7175,43148,43148,43148,16,0,"ok"
grid43_E,1,-0.050000000000000003,0.80000000000000004,1,10,0,0,E,thermal,6.3369859172215852,5.9963112798175567e-13,6.3369820095567562,3.9076648290503613e-06,6.1664407655235162e-07,6.9151266538034634e-09,235,214,1406,1834,1406,20,0,"ok"
grid43_E,1,-0.050000000000000003,0.80000000000000004,1,10,0,0,E,event,6.3369859172215852,5.9963112798175567e-13,6.3369859670689701,4.9847384886447799e-08,7.8661031502344095e-09,8.8211326264298062e-11,958,86,517,5401,1770,0,10,"ok"
grid43_E,1,-0.050000000000000003,0.80000000000000004,1,10,0,0,E,event_tight,6.3369859172215852,5.9963112798175567e-13,6.3369859159419857,1.2795995374403901e-09,2.0192557694706431e-10,2.2644152178341592e-12,1646,151,907,8399,2880,0,10,"ok"
grid44_O,1,-0.050000000000000003,0.80000000000000004,10,10,0,0,O,rk,5.951556992449099,6.2838971965583169e-13,5.9513217086165966,0.00023528383250237539,3.9533156248169401e-05,6.1223029697906467e-07,61,55,452,452,452,20,0,"ok"
grid44_O,1,-0.050000000000000003,0.80000000000000004,10,10,0,0,O,cap_1pct,5.951556992449099,6.2838971965583169e-13,5.9519828001813773,0.00042580773227829383,7.1545602742026598e-05,1.1076249330573169e-06,561,732,4484,4484,4484,15,0,"ok"
grid44_O,1,-0.050000000000000003,0.80000000000000004,10,10,0,0,O,cap_0.1pct,5.951556992449099,6.2838971965583169e-13,5.9515595130567203,2.52060762129247e-06,4.235207063446478e-07,6.5580743669781116e-09,5449,7180,43232,43232,43232,25,0,"ok"
grid44_O,1,-0.050000000000000003,0.80000000000000004,10,10,0,0,O,thermal,5.951556992449099,6.2838971965583169e-13,5.951560606515919,3.6140668200346227e-06,6.0724728413419997e-07,9.4030129143066188e-09,234,216,1406,1838,1406,18,0,"ok"
grid44_O,1,-0.050000000000000003,0.80000000000000004,10,10,0,0,O,event,5.951556992449099,6.2838971965583169e-13,5.9515569091390361,8.3310062848340749e-08,1.3998028239339466e-08,2.1675499763118555e-10,1195,86,517,7157,2115,0,10,"ok"
grid44_O,1,-0.050000000000000003,0.80000000000000004,10,10,0,0,O,event_tight,5.951556992449099,6.2838971965583169e-13,5.9515569906665533,1.7825456666287209e-09,2.9950913162560396e-10,4.6378031623439675e-12,1865,151,907,10868,3390,0,10,"ok"
grid44_E,1,-0.050000000000000003,0.80000000000000004,10,10,0,0,E,rk,6.5606879096377027,6.2484330159723586e-13,6.5608973880023775,0.00020947836467488656,3.1929329295966233e-05,2.9636241926462789e-07,59,54,452,452,452,21,0,"ok"
grid44_E,1,-0.050000000000000003,0.80000000000000004,10,10,0,0,E,cap_1pct,6.5606879096377027,6.2484330159723586e-13,6.5607081183366187,2.0208698916057699e-05,3.0802713365424621e-06,2.8593242569876012e-08,574,734,4472,4472,4472,11,0,"ok"
grid44_E,1,-0.050000000000000003,0.80000000000000004,10,10,0,0,E,cap_0.1pct,6.5606879096377027,6.2484330159723586e-13,6.5606843552251242,3.5544125784880976e-06,5.4177437296882193e-07,5.0291901040801917e-09,5405,7168,43112,43112,43112,17,0,"ok"
grid44_E,1,-0.050000000000000003,0.80000000000000004,10,10,0,0,E,thermal,6.5606879096377027,6.2484330159723586e-13,6.5606905551706509,2.6455329482644174e-06,4.0324017613733899e-07,3.7431914794334997e-09,244,220,1442,1882,1442,20,0,"ok"
grid44_E,1,-0.050000000000000003,0.80000000000000004,10,10,0,0,E,event,6.5606879096377027,6.2484330159723586e-13,6.5606878175327061,9.2104996518571625e-08,1.4038923629223187e-08,1.3032047489758281e-10,1145,86,517,7157,2115,0,10,"ok"
grid44_E,1,-0.050000000000000003,0.80000000000000004,10,10,0,0,E,event_tight,6.5606879096377027,6.2484330159723586e-13,6.5606879076572486,1.9804540229984013e-09,3.0186682407024706e-10,2.8021684365248101e-12,1832,151,907,10868,3390,0,10,"ok"
grid45_O,1,-0.0050000000000000001,-0.80000000000000004,0.10000000000000001,10,0,0,O,rk,54.69646164869097,8.1415059565046751e-13,0,54.69646164869097,1,1,26,33,200,200,200,0,0,"ok"
grid45_O,1,-0.0050000000000000001,-0.80000000000000004,0.10000000000000001,10,0,0,O,cap_1pct,54.69646164869097,8.1415059565046751e-13,54.696659197926216,0.00019754923524573087,3.6117370171870842e-06,3.4774507068821541e-28,604,759,4748,4748,4748,32,0,"ok"
grid45_O,1,-0.0050000000000000001,-0.80000000000000004,0.10000000000000001,10,0,0,O,cap_0.1pct,54.69646164869097,8.1415059565046751e-13,54.696460753232913,8.954580579256799e-07,1.637140741712148e-08,1.576427381409495e-30,5537,7208,43382,43382,43382,22,0,"ok"
grid45_O,1,-0.0050000000000000001,-0.80000000000000004,0.10000000000000001,10,0,0,O,thermal,54.69646164869097,8.1415059565046751e-13,54.696462470255575,8.2156460479154703e-07,1.5020434229701387e-08,1.4463389047406908e-30,308,273,1826,2372,1826,31,0,"ok"
grid45_O,1,-0.0050000000000000001,-0.80000000000000004,0.10000000000000001,10,0,0,O,event,54.69646164869097,8.1415059565046751e-13,54.696461182553719,4.6613725146471552e-07,8.5222560548552672e-09,8.2062064485368861e-31,908,86,517,4583,1620,0,10,"ok"
grid45_O,1,-0.0050000000000000001,-0.80000000000000004,0.10000000000000001,10,0,0,O,event_tight,54.69646164869097,8.1415059565046751e-13,54.696461665876555,1.7185584511025809e-08,3.1419920033231445e-10,3.0254698379337366e-32,1554,151,907,7579,2715,0,10,"ok"
grid45_E,1,-0.0050000000000000001,-0.80000000000000004,0.10000000000000001,10,0,0,E,rk,60.672716954915323,9.1299271975810707e-13,0,60.672716954915323,1,1,26,33,200,200,200,0,0,"ok"
grid45_E,1,-0.0050000000000000001,-0.80000000000000004,0.10000000000000001,10,0,0,E,cap_1pct,60.672716954915323,9.1299271975810707e-13,60.672799562174333,8.2607259010103462e-05,1.3615223308935919e-06,3.6912554285685415e-31,597,757,4718,4718,4718,29,0,"ok"
grid45_E,1,-0.0050000000000000001,-0.80000000000000004,0.10000000000000001,10,0,0,E,cap_0.1pct,60.672716954915323,9.1299271975810707e-13,60.672718250760447,1.2958451236499968e-06,2.1357954426417287e-08,5.7906410105303851e-33,5519,7204,43400,43400,43400,29,0,"ok"
grid45_E,1,-0.0050000000000000001,-0.80000000000000004,0.10000000000000001,10,0,0,E,thermal,60.672716954915323,9.1299271975810707e-13,60.67271619797566,7.5693966294920756e-07,1.2475783201066703e-08,3.382480107838286e-33,291,273,1760,2306,1760,20,0,"ok"
grid45_E,1,-0.0050000000000000001,-0.80000000000000004,0.10000000000000001,10,0,0,E,event,60.672716954915323,9.1299271975810707e-13,60.672716437847747,5.1706757631109213e-07,8.5222419937995298e-09,2.3105812354375994e-33,895,86,517,4583,1620,0,10,"ok"
grid45_E,1,-0.0050000000000000001,-0.80000000000000004,0.10000000000000001,10,0,0,E,event_tight,60.672716954915323,9.1299271975810707e-13,60.672716973976968,1.9061644707107916e-08,3.1417160239044909e-10,8.5179323968293245e-35,1551,151,907,7579,2715,0,10,"ok"
grid46_O,1,-0.0050000000000000001,-0.80000000000000004,1,10,0,0,O,rk,55.497692225715014,8.2977983949085282e-13,0,55.497692225715014,1,1,28,33,200,200,200,0,0,"ok"
grid46_O,1,-0.0050000000000000001,-0.80000000000000004,1,10,0,0,O,cap_1pct,55.497692225715014,8.2977983949085282e-13,55.497773168506221,8.0942791207405662e-05,1.4584893166044225e-06,6.3946842913934285e-29,595,753,4664,4664,4664,24,0,"ok"
grid46_O,1,-0.0050000000000000001,-0.80000000000000004,1,10,0,0,O,cap_0.1pct,55.497692225715014,8.2977983949085282e-13,55.497691461385358,7.6432965556705312e-07,1.3772278177954557e-08,6.0386434043537273e-31,5442,7206,43412,43412,43412,29,0,"ok"
grid46_O,1,-0.0050000000000000001,-0.80000000000000004,1,10,0,0,O,thermal,55.497692225715014,8.2977983949085282e-13,55.497691993970392,2.3174462171482446e-07,4.175752403762925e-09,1.8309151667187473e-31,296,276,1796,2348,1796,23,0,"ok"
grid46_O,1,-0.0050000000000000001,-0.80000000000000004,1,10,0,0,O,event,55.497692225715014,8.2977983949085282e-13,55.497692379763151,1.5404813780151017e-07,2.7757575427637607e-09,1.2170682340152621e-31,980,86,517,5416,1770,0,10,"ok"
grid46_O,1,-0.0050000000000000001,-0.80000000000000004,1,10,0,0,O,event_tight,55.497692225715014,8.2977983949085282e-13,55.497692257301765,3.1586750992573798e-08,5.6915431481559852e-10,2.4955338053038192e-32,1634,151,907,8467,2940,0,10,"ok"
grid46_E,1,-0.0050000000000000001,-0.80000000000000004,1,10,0,0,E,rk,61.56149145060192,9.1931874509924128e-13,0,61.56149145060192,1,1,25,33,200,200,200,0,0,"ok"
grid46_E,1,-0.0050000000000000001,-0.80000000000000004,1,10,0,0,E,cap_1pct,61.56149145060192,9.1931874509924128e-13,61.561595728125674,0.00010427752375363752,1.6938758515509934e-06,1.9158082161709576e-31,601,756,4694,4694,4694,26,0,"ok"
grid46_E,1,-0.0050000000000000001,-0.80000000000000004,1,10,0,0,E,cap_0.1pct,61.56149145060192,9.1931874509924128e-13,61.561491385156259,6.5445661334706529e-08,1.0630941485103774e-09,1.202443947109303e-34,5431,7210,43406,43406,43406,24,0,"ok"
grid46_E,1,-0.0050000000000000001,-0.80000000000000004,1,10,0,0,E,thermal,61.56149145060192,9.1931874509924128e-13,61.561490513048298,9.3755362229330785e-07,1.5229546916445619e-08,1.7225835080404006e-33,315,279,1844,2402,1844,28,0,"ok"
grid46_E,1,-0.0050000000000000001,-0.80000000000000004,1,10,0,0,E,event,61.56149145060192,9.1931874509924128e-13,61.561491621453463,1.7085154269125269e-07,2.7752989517537455e-09,3.1390832412457901e-34,979,86,517,5416,1770,0,10,"ok"
grid46_E,1,-0.0050000000000000001,-0.80000000000000004,1,10,0,0,E,event_tight,61.56149145060192,9.1931874509924128e-13,61.561491485639834,3.5037913903579465e-08,5.6915310331125641e-10,6.4375734677000489e-35,1641,151,907,8467,2940,0,10,"ok"
grid47_O,1,-0.0050000000000000001,-0.80000000000000004,10,10,0,0,O,rk,57.433843433632568,8.5460484465161382e-13,0,57.433843433632568,1,1,25,33,200,200,200,0,0,"ok"
grid47_O,1,-0.0050000000000000001,-0.80000000000000004,10,10,0,0,O,cap_1pct,57.433843433632568,8.5460484465161382e-13,57.433799971532814,4.3462099753810435e-05,7.567332630983138e-07,4.9535763846219215e-30,573,754,4652,4652,4652,21,0,"ok"
grid47_O,1,-0.0050000000000000001,-0.80000000000000004,10,10,0,0,O,cap_0.1pct,57.433843433632568,8.5460484465161382e-13,57.4338430608693,3.7276326736446208e-07,6.4903068483516531e-09,4.248463711420845e-32,5403,7204,43388,43388,43388,27,0,"ok"
grid47_O,1,-0.0050000000000000001,-0.80000000000000004,10,10,0,0,O,thermal,57.433843433632568,8.5460484465161382e-13,57.43384424792135,8.1428878218048339e-07,1.417785635609484e-08,9.2806201439060758e-32,300,273,1802,2348,1802,27,0,"ok"
grid47_O,1,-0.0050000000000000001,-0.80000000000000004,10,10,0,0,O,event,57.433843433632568,8.5460484465161382e-13,57.433842172419446,1.261213121495075e-06,2.1959406616283036e-08,1.4374325552435858e-31,1145,86,517,7151,2115,0,10,"ok"
grid47_O,1,-0.0050000000000000001,-0.80000000000000004,10,10,0,0,O,event_tight,57.433843433632568,8.5460484465161382e-13,57.433843389760362,4.3872205424122512e-08,7.6387375110667721e-10,5.0002094577246321e-33,1854,151,907,10864,3390,0,10,"ok"
grid47_E,1,-0.0050000000000000001,-0.80000000000000004,10,10,0,0,E,rk,63.709190020637813,9.5257338613186587e-13,0,63.709190020637813,1,1,25,33,200,200,200,0,0,"ok"
grid47_E,1,-0.0050000000000000001,-0.80000000000000004,10,10,0,0,E,cap_1pct,63.709190020637813,9.5257338613186587e-13,63.709303453440896,0.00011343280308295789,1.780477872128224e-06,2.4331246599228073e-32,590,755,4694,4694,4694,27,0,"ok"
grid47_E,1,-0.0050000000000000001,-0.80000000000000004,10,10,0,0,E,cap_0.1pct,63.709190020637813,9.5257338613186587e-13,63.709191454526781,1.4338889684495371e-06,2.2506783840526716e-08,3.0758527425585575e-34,5352,7203,43352,43352,43352,22,0,"ok"
grid47_E,1,-0.0050000000000000001,-0.80000000000000004,10,10,0,0,E,thermal,63.709190020637813,9.5257338613186587e-13,63.709193118360673,3.0977228604456286e-06,4.8622857384345325e-08,6.6449576218539974e-34,289,269,1760,2298,1760,24,0,"ok"
grid47_E,1,-0.0050000000000000001,-0.80000000000000004,10,10,0,0,E,event,63.709190020637813,9.5257338613186587e-13,63.709188621630204,1.3990076084269276e-06,2.1959274760418964e-08,3.0010325625535441e-34,1138,86,517,7151,2115,0,10,"ok"
grid47_E,1,-0.0050000000000000001,-0.80000000000000004,10,10,0,0,E,event_tight,63.709190020637813,9.5257338613186587e-13,63.709189971974688,4.8663125085113279e-08,7.6383211071039287e-10,1.0438794171566003e-35,1836,151,907,10864,3390,0,10,"ok"
grid48_O,1,-0.0050000000000000001,-0.20000000000000001,0.10000000000000001,10,0,0,O,rk,31.270487666917688,4.7184750843850061e-13,0,31.270487666917688,1,0.99999999999997369,25,33,200,200,200,0,0,"ok"
grid48_O,1,-0.0050000000000000001,-0.20000000000000001,0.10000000000000001,10,0,0,O,cap_1pct,31.270487666917688,4.7184750843850061e-13,1.1102230246251565e-16,31.270487666917688,1,0.99999999999997358,546,722,4340,4340,4340,1,0,"ok"
grid48_O,1,-0.0050000000000000001,-0.20000000000000001,0.10000000000000001,10,0,0,O,cap_0.1pct,31.270487666917688,4.7184750843850061e-13,31.27048641265435,1.2542633385237423e-06,4.0110130417015471e-08,3.2944942996501556e-20,5527,7215,43454,43454,43454,27,0,"ok"
grid48_O,1,-0.0050000000000000001,-0.20000000000000001,0.10000000000000001,10,0,0,O,thermal,31.270487666917688,4.7184750843850061e-13,31.270487240162382,4.2675530664837424e-07,1.3647222620703032e-08,1.1209307486969758e-20,316,286,1880,2452,1880,27,0,"ok"
grid48_O,1,-0.0050000000000000001,-0.20000000000000001,0.10000000000000001,10,0,0,O,event,31.270487666917688,4.7184750843850061e-13,31.2704878608514,1.9393371175624452e-07,6.2018128345793224e-09,5.0939306421165385e-21,903,86,517,4579,1620,0,10,"ok"
grid48_O,1,-0.0050000000000000001,-0.20000000000000001,0.10000000000000001,10,0,0,O,event_tight,31.270487666917688,4.7184750843850061e-13,31.270487684789988,1.7872299196142194e-08,5.7153887034035681e-10,4.6944009957701276e-22,1559,151,907,7566,2715,0,10,"ok"
grid48_E,1,-0.0050000000000000001,-0.20000000000000001,0.10000000000000001,10,0,0,E,rk,193.50511332414487,2.8796137432213088e-12,0,193.50511332414487,1,1,25,33,200,200,200,0,0,"ok"
grid48_E,1,-0.0050000000000000001,-0.20000000000000001,0.10000000000000001,10,0,0,E,cap_1pct,193.50511332414487,2.8796137432213088e-12,8.8817841970012523e-16,193.50511332414487,1,0.99999999999999911,539,722,4340,4340,4340,1,0,"ok"
grid48_E,1,-0.0050000000000000001,-0.20000000000000001,0.10000000000000001,10,0,0,E,cap_0.1pct,193.50511332414487,2.8796137432213088e-12,193.50511404096153,7.1681665758660529e-07,3.7043809606511493e-09,6.5645505461768354e-91,5467,7219,43508,43508,43508,32,0,"ok"
grid48_E,1,-0.0050000000000000001,-0.20000000000000001,0.10000000000000001,10,0,0,E,thermal,193.50511332414487,2.8796137432213088e-12,193.5051127978291,5.2631577318607015e-07,2.7199062812589684e-09,4.8199614317402383e-91,309,290,1898,2478,1898,26,0,"ok"
grid48_E,1,-0.0050000000000000001,-0.20000000000000001,0.10000000000000001,10,0,0,E,event,193.50511332414487,2.8796137432213088e-12,193.50511452397532,1.1998304501048551e-06,6.2005103094872304e-09,1.098795019710612e-90,899,86,517,4579,1620,0,10,"ok"
grid48_E,1,-0.0050000000000000001,-0.20000000000000001,0.10000000000000001,10,0,0,E,event_tight,193.50511332414487,2.8796137432213088e-12,193.50511343471746,1.1057258575419837e-07,5.7141945168640425e-10,1.0126153473876322e-91,1564,151,907,7596,2745,0,10,"ok"
grid49_O,1,-0.0050000000000000001,-0.20000000000000001,1,10,0,0,O,rk,31.807528434376284,4.7858293248418027e-13,0,31.807528434376284,1,0.99999999999998468,25,33,200,200,200,0,0,"ok"
grid49_O,1,-0.0050000000000000001,-0.20000000000000001,1,10,0,0,O,cap_1pct,31.807528434376284,4.7858293248418027e-13,5.0351534053305613e-09,31.807528429341129,0.99999999984169929,0.99999999496483127,530,722,4340,4340,4340,1,0,"ok"
grid49_O,1,-0.0050000000000000001,-0.20000000000000001,1,10,0,0,O,cap_0.1pct,31.807528434376284,4.7858293248418027e-13,31.807527823872633,6.1050365118830996e-07,1.9193684050235805e-08,9.3724755526964019e-21,5407,7212,43418,43418,43418,24,0,"ok"
grid49_O,1,-0.0050000000000000001,-0.20000000000000001,1,10,0,0,O,thermal,31.807528434376284,4.7858293248418027e-13,31.807527280308637,1.1540676467802768e-06,3.6282845715639054e-08,1.7717295746916692e-20,315,292,1922,2506,1922,28,0,"ok"
grid49_O,1,-0.0050000000000000001,-0.20000000000000001,1,10,0,0,O,event,31.807528434376284,4.7858293248418027e-13,31.807528374656076,5.9720207445934648e-08,1.8775494477399091e-09,9.1682667115903483e-22,961,86,517,5269,1755,0,10,"ok"
grid49_O,1,-0.0050000000000000001,-0.20000000000000001,1,10,0,0,O,event_tight,31.807528434376284,4.7858293248418027e-13,31.807528428798108,5.5781761432172061e-09,1.7537282579895582e-10,8.5636348044528411e-23,1559,151,907,7901,2805,0,10,"ok"
grid49_E,1,-0.0050000000000000001,-0.20000000000000001,1,10,0,0,E,rk,196.82836958318978,2.9468174365367735e-12,0,196.82836958318978,1,1,25,33,200,200,200,0,0,"ok"
grid49_E,1,-0.0050000000000000001,-0.20000000000000001,1,10,0,0,E,cap_1pct,196.82836958318978,2.9468174365367735e-12,3.4270509208234046e-08,196.82836954891928,0.99999999982588639,0.99999996572949135,526,722,4340,4340,4340,1,0,"ok"
grid49_E,1,-0.0050000000000000001,-0.20000000000000001,1,10,0,0,E,cap_0.1pct,196.82836958318978,2.9468174365367735e-12,196.82837178275281,2.1995630277160672e-06,1.117503047133873e-08,7.258738340062756e-92,5393,7216,43490,43490,43490,32,0,"ok"
grid49_E,1,-0.0050000000000000001,-0.20000000000000001,1,10,0,0,E,thermal,196.82836958318978,2.9468174365367735e-12,196.82836866684605,9.1634373688975757e-07,4.6555470577246419e-09,3.0240141768183321e-92,322,298,1964,2560,1964,29,0,"ok"
grid49_E,1,-0.0050000000000000001,-0.20000000000000001,1,10,0,0,E,event,196.82836958318978,2.9468174365367735e-12,196.82836921288413,3.7030565636086976e-07,1.8813632259670755e-09,1.222040599027653e-92,964,86,517,5269,1755,0,10,"ok"
grid49_E,1,-0.0050000000000000001,-0.20000000000000001,1,10,0,0,E,event_tight,196.82836958318978,2.9468174365367735e-12,196.82836954859548,3.4594307862789719e-08,1.7575874827418305e-10,1.1416418022322167e-93,1578,151,907,7901,2805,0,10,"ok"
grid50_O,1,-0.0050000000000000001,-0.20000000000000001,10,10,0,0,O,rk,33.124972443618667,4.9871668184992084e-13,0,33.124972443618667,1,0.99999999999999589,25,33,200,200,200,0,0,"ok"
grid50_O,1,-0.0050000000000000001,-0.20000000000000001,10,10,0,0,O,cap_1pct,33.124972443618667,4.9871668184992084e-13,0,33.124972443618667,1,0.99999999999999589,523,722,4340,4340,4340,1,0,"ok"
grid50_O,1,-0.0050000000000000001,-0.20000000000000001,10,10,0,0,O,cap_0.1pct,33.124972443618667,4.9871668184992084e-13,33.12497188559319,5.5802547649363987e-07,1.6846066134649425e-08,2.2943591558086746e-21,5284,7213,43454,43454,43454,29,0,"ok"
grid50_O,1,-0.0050000000000000001,-0.20000000000000001,10,10,0,0,O,thermal,33.124972443618667,4.9871668184992084e-13,33.124971971960477,4.7165818983785357e-07,1.4238749651509998e-08,1.9392541829407923e-21,307,287,1868,2442,1868,24,0,"ok"
grid50_O,1,-0.0050000000000000001,-0.20000000000000001,10,10,0,0,O,event,33.124972443618667,4.9871668184992084e-13,33.124971793308816,6.5030985041403255e-07,1.9632011815886385e-08,2.6737926692021933e-21,998,86,517,5730,1845,0,10,"ok"
grid50_O,1,-0.0050000000000000001,-0.20000000000000001,10,10,0,0,O,event_tight,33.124972443618667,4.9871668184992084e-13,33.124972420257166,2.336150117798752e-08,7.0525345244439521e-10,9.6052352263374489e-23,1692,151,907,9045,3030,0,10,"ok"
grid50_E,1,-0.0050000000000000001,-0.20000000000000001,10,10,0,0,E,rk,204.98082848928178,3.0705603477130059e-12,0,204.98082848928178,1,1,24,33,200,200,200,0,0,"ok"
grid50_E,1,-0.0050000000000000001,-0.20000000000000001,10,10,0,0,E,cap_1pct,204.98082848928178,3.0705603477130059e-12,0,204.98082848928178,1,1,515,722,4340,4340,4340,1,0,"ok"
grid50_E,1,-0.0050000000000000001,-0.20000000000000001,10,10,0,0,E,cap_0.1pct,204.98082848928178,3.0705603477130059e-12,204.98082960624552,1.1169637446073466e-06,5.4491132309271129e-09,1.0616860847543415e-95,5253,7215,43430,43430,43430,23,0,"ok"
grid50_E,1,-0.0050000000000000001,-0.20000000000000001,10,10,0,0,E,thermal,204.98082848928178,3.0705603477130059e-12,204.98082758632117,9.0296060761829722e-07,4.4050978536537239e-09,8.5827466207135543e-96,310,293,1916,2502,1916,26,0,"ok"
grid50_E,1,-0.0050000000000000001,-0.20000000000000001,10,10,0,0,E,event,204.98082848928178,3.0705603477130059e-12,204.98082446573926,4.023542516051748e-06,1.9628872347260194e-08,3.8244303819706211e-95,1034,86,517,5730,1845,0,10,"ok"
grid50_E,1,-0.0050000000000000001,-0.20000000000000001,10,10,0,0,E,event_tight,204.98082848928178,3.0705603477130059e-12,204.98082834463725,1.446445310193667e-07,7.0564907013696646e-10,1.3748627333000537e-96,1658,151,907,9045,3030,0,10,"ok"
grid51_O,1,-0.0050000000000000001,0,0.10000000000000001,10,0,0,O,rk,0.0025465791360205501,4.8279181696847411e-14,0,0.0025465791360205501,1,0.0025433393540764682,19,33,200,200,200,0,0,"ok"
grid51_O,1,-0.0050000000000000001,0,0.10000000000000001,10,0,0,O,cap_1pct,0.0025465791360205501,4.8279181696847411e-14,0,0.0025465791360205501,1,0.0025433393540764682,411,721,4328,4328,4328,0,0,"ok"
grid51_O,1,-0.0050000000000000001,0,0.10000000000000001,10,0,0,O,cap_0.1pct,0.0025465791360205501,4.8279181696847411e-14,0,0.0025465791360205501,1,0.0025433393540764682,3949,7162,42980,42980,42980,1,0,"ok"
grid51_O,1,-0.0050000000000000001,0,0.10000000000000001,10,0,0,O,thermal,0.0025465791360205501,4.8279181696847411e-14,0.0025466533188013285,7.4182780778440927e-08,2.9130365410267109e-05,7.3994105953545386e-08,568,668,4016,5352,4016,1,0,"ok"
grid51_O,1,-0.0050000000000000001,0,0.10000000000000001,10,0,0,O,event,0.0025465791360205501,4.8279181696847411e-14,0.0025465791329814329,3.0391171350341306e-12,1.1934116211221506e-09,3.0314639687389899e-12,714,86,517,4590,1635,0,10,"ok"
grid51_O,1,-0.0050000000000000001,0,0.10000000000000001,10,0,0,O,event_tight,0.0025465791360205501,4.8279181696847411e-14,0.0025465791361990835,1.7853340333884304e-13,7.0107149160827156e-11,1.7807977314987511e-13,1231,151,907,7505,2670,0,10,"ok"
grid51_E,1,-0.0050000000000000001,0,0.10000000000000001,10,0,0,E,rk,203.72631854459115,3.0254433608430482e-12,0,203.72631854459115,1,1,19,33,200,200,200,0,0,"ok"
grid51_E,1,-0.0050000000000000001,0,0.10000000000000001,10,0,0,E,cap_1pct,203.72631854459115,3.0254433608430482e-12,0,203.72631854459115,1,1,404,721,4328,4328,4328,0,0,"ok"
grid51_E,1,-0.0050000000000000001,0,0.10000000000000001,10,0,0,E,cap_0.1pct,203.72631854459115,3.0254433608430482e-12,5.6147919647031586e-10,203.72631854402968,0.99999999999724398,0.9999999994385208,3990,7162,42980,42980,42980,1,0,"ok"
grid51_E,1,-0.0050000000000000001,0,0.10000000000000001,10,0,0,E,thermal,203.72631854459115,3.0254433608430482e-12,203.72549267694433,0.00082586764682446301,4.0538093100803709e-06,2.7534287189542116e-92,638,732,4742,6206,4742,58,0,"ok"
grid51_E,1,-0.0050000000000000001,0,0.10000000000000001,10,0,0,E,event,203.72631854459115,3.0254433608430482e-12,203.72631830097797,2.4361318651244801e-07,1.1957865250440213e-09,8.1186698915717184e-96,736,86,517,4620,1665,0,10,"ok"
grid51_E,1,-0.0050000000000000001,0,0.10000000000000001,10,0,0,E,event_tight,203.72631854459115,3.0254433608430482e-12,203.72631855391751,9.3263565759116318e-09,4.577884999119689e-11,3.1081076004585907e-97,1230,151,907,7595,2760,0,10,"ok"
grid52_O,1,-0.0050000000000000001,0,1,10,0,0,O,rk,0.0025912158950315745,4.9125143012807098e-14,0,0.0025912158950315745,1,0.0025878615929899595,19,33,200,200,200,0,0,"ok"
grid52_O,1,-0.0050000000000000001,0,1,10,0,0,O,cap_1pct,0.0025912158950315745,4.9125143012807098e-14,-1.0880185641326534e-14,0.0025912158950424547,1.0000000000041989,0.0025878615930008397,390,721,4328,4328,4328,0,0,"ok"
grid52_O,1,-0.0050000000000000001,0,1,10,0,0,O,cap_0.1pct,0.0025912158950315745,4.9125143012807098e-14,0.0025917220868734159,5.0619184184140173e-07,0.00019534915744071323,5.0488175962204451e-07,3936,7177,43154,43154,43154,15,0,"ok"
grid52_O,1,-0.0050000000000000001,0,1,10,0,0,O,thermal,0.0025912158950315745,4.9125143012807098e-14,0.0025913435541456975,1.2765911412302919e-07,4.9266104907662912e-05,1.273287418834812e-07,550,668,4028,5364,4028,3,0,"ok"
grid52_O,1,-0.0050000000000000001,0,1,10,0,0,O,event,0.0025912158950315745,4.9125143012807098e-14,0.002591215936101501,4.106992653948871e-11,1.5849673745146684e-08,4.0963676894989476e-11,735,86,517,4620,1635,0,10,"ok"
grid52_O,1,-0.0050000000000000001,0,1,10,0,0,O,event_tight,0.0025912158950315745,4.9125143012807098e-14,0.0025912158965088693,1.4772948489505389e-12,5.7011646608957602e-10,1.4734879982825078e-12,1226,151,907,7517,2670,0,10,"ok"
grid52_E,1,-0.0050000000000000001,0,1,10,0,0,E,rk,207.29724255891139,3.0792593684273178e-12,0,207.29724255891139,1,1,19,33,200,200,200,0,0,"ok"
grid52_E,1,-0.0050000000000000001,0,1,10,0,0,E,cap_1pct,207.29724255891139,3.0792593684273178e-12,-1.2462031406812457e-11,207.29724255892384,1.00000000000006,1.000000000012462,386,721,4328,4328,4328,0,0,"ok"
grid52_E,1,-0.0050000000000000001,0,1,10,0,0,E,cap_0.1pct,207.29724255891139,3.0792593684273178e-12,0,207.29724255891139,1,1,3932,7162,42980,42980,42980,1,0,"ok"
grid52_E,1,-0.0050000000000000001,0,1,10,0,0,E,thermal,207.29724255891139,3.0792593684273178e-12,207.29723619316562,6.3657457758381497e-06,3.0708299335091646e-08,5.9676331219810292e-96,626,731,4748,6210,4748,60,0,"ok"
grid52_E,1,-0.0050000000000000001,0,1,10,0,0,E,event,207.29724255891139,3.0792593684273178e-12,207.29724584669486,3.2877834712508047e-06,1.5860237360930917e-08,3.0821511774483674e-96,759,86,517,4650,1665,0,10,"ok"
grid52_E,1,-0.0050000000000000001,0,1,10,0,0,E,event_tight,207.29724255891139,3.0792593684273178e-12,207.29724268153845,1.2262705695320619e-07,5.9155179991531753e-10,1.1495760883037801e-97,1221,151,907,7607,2760,0,10,"ok"
grid53_O,1,-0.0050000000000000001,0,10,10,0,0,O,rk,0.0027009499258336895,5.1205607855290894e-14,0,0.0027009499258336895,1,0.0026973056423301722,18,33,200,200,200,0,0,"ok"
grid53_O,1,-0.0050000000000000001,0,10,10,0,0,O,cap_1pct,0.0027009499258336895,5.1205607855290894e-14,0,0.0027009499258336895,1,0.0026973056423301722,379,721,4328,4328,4328,0,0,"ok"
grid53_O,1,-0.0050000000000000001,0,10,10,0,0,O,cap_0.1pct,0.0027009499258336895,5.1205607855290894e-14,1.4432899320127035e-15,0.0027009499258322462,0.99999999999946565,0.0026973056423287289,3800,7161,42968,42968,42968,0,0,"ok"
grid53_O,1,-0.0050000000000000001,0,10,10,0,0,O,thermal,0.0027009499258336895,5.1205607855290894e-14,0.0027010533792685143,1.0345343482483921e-07,3.8302611179622937e-05,1.0317438403628643e-07,530,667,4022,5356,4022,3,0,"ok"
grid53_O,1,-0.0050000000000000001,0,10,10,0,0,O,event,0.0027009499258336895,5.1205607855290894e-14,0.0027009499022966248,2.3537064658407658e-11,8.7143654287269257e-09,2.3473556431952147e-11,725,86,517,4594,1635,0,10,"ok"
grid53_O,1,-0.0050000000000000001,0,10,10,0,0,O,event_tight,0.0027009499258336895,5.1205607855290894e-14,0.0027009499275781209,1.7444314222292423e-12,6.4585848317450643e-10,1.7397194795876203e-12,1204,151,907,7503,2670,0,10,"ok"
grid53_E,1,-0.0050000000000000001,0,10,10,0,0,E,rk,216.0759196797197,3.2038405780289837e-12,0,216.0759196797197,1,1,18,33,200,200,200,0,0,"ok"
grid53_E,1,-0.0050000000000000001,0,10,10,0,0,E,cap_1pct,216.0759196797197,3.2038405780289837e-12,0,216.0759196797197,1,1,370,721,4328,4328,4328,0,0,"ok"
grid53_E,1,-0.0050000000000000001,0,10,10,0,0,E,cap_0.1pct,216.0759196797197,3.2038405780289837e-12,1.6480150577535824e-12,216.07591967971806,0.99999999999999234,0.99999999999835198,3807,7161,42968,42968,42968,0,0,"ok"
grid53_E,1,-0.0050000000000000001,0,10,10,0,0,E,thermal,216.0759196797197,3.2038405780289837e-12,nan,nan,nan,nan,513,541,3601,4685,3601,59,0,"stepsize underflow in StepperDopr5"
grid53_E,1,-0.0050000000000000001,0,10,10,0,0,E,event,216.0759196797197,3.2038405780289837e-12,216.0759178023859,1.8773338013033936e-06,8.688306425288329e-09,2.709956491392646e-100,727,86,517,4624,1665,0,10,"ok"
grid53_E,1,-0.0050000000000000001,0,10,10,0,0,E,event_tight,216.0759196797197,3.2038405780289837e-12,216.07591982759436,1.4787465829613211e-07,6.8436435913506944e-10,2.1345883397093903e-101,1224,151,907,7593,2760,0,10,"ok"
grid54_O,1,-0.0050000000000000001,0.20000000000000001,0.10000000000000001,10,0,0,O,rk,32.082473635293503,5.0621468913667186e-13,0,32.082473635293503,1,0.99999999999998834,25,33,200,200,200,0,0,"ok"
grid54_O,1,-0.0050000000000000001,0.20000000000000001,0.10000000000000001,10,0,0,O,cap_1pct,32.082473635293503,5.0621468913667186e-13,9.4368957093138306e-15,32.082473635293496,0.99999999999999978,0.99999999999997891,532,721,4328,4328,4328,0,0,"ok"
grid54_O,1,-0.0050000000000000001,0.20000000000000001,0.10000000000000001,10,0,0,O,cap_0.1pct,32.082473635293503,5.0621468913667186e-13,32.082492521287492,1.8885993988249083e-05,5.886701319524456e-07,2.2023912880389514e-19,5498,7206,43406,43406,43406,28,0,"ok"
grid54_O,1,-0.0050000000000000001,0.20000000000000001,0.10000000000000001,10,0,0,O,thermal,32.082473635293503,5.0621468913667186e-13,32.082485759821978,1.212452847454415e-05,3.7791750762030133e-07,1.4139073736858601e-19,296,283,1832,2398,1832,22,0,"ok"
grid54_O,1,-0.0050000000000000001,0.20000000000000001,0.10000000000000001,10,0,0,O,event,32.082473635293503,5.0621468913667186e-13,32.082473844819788,2.0952628432269194e-07,6.5308643811116497e-09,2.4434148001368365e-21,920,86,517,4579,1620,0,10,"ok"
grid54_O,1,-0.0050000000000000001,0.20000000000000001,0.10000000000000001,10,0,0,O,event_tight,32.082473635293503,5.0621468913667186e-13,32.082473654522204,1.9228700409712474e-08,5.9935217677726804e-10,2.2423771656702751e-22,1560,151,907,7572,2715,0,10,"ok"
grid54_E,1,-0.0050000000000000001,0.20000000000000001,0.10000000000000001,10,0,0,E,rk,193.94916198794084,2.8850659045876935e-12,0,193.94916198794084,1,1,29,33,200,200,200,0,0,"ok"
grid54_E,1,-0.0050000000000000001,0.20000000000000001,0.10000000000000001,10,0,0,E,cap_1pct,193.94916198794084,2.8850659045876935e-12,5.1403326040144748e-14,193.94916198794078,0.99999999999999967,0.9999999999999486,547,721,4328,4328,4328,0,0,"ok"
grid54_E,1,-0.0050000000000000001,0.20000000000000001,0.10000000000000001,10,0,0,E,cap_0.1pct,193.94916198794084,2.8850659045876935e-12,193.94906019960581,0.0001017883350300508,5.248196691686643e-07,5.9795608904975873e-89,5457,7214,43448,43448,43448,27,0,"ok"
grid54_E,1,-0.0050000000000000001,0.20000000000000001,0.10000000000000001,10,0,0,E,thermal,193.94916198794084,2.8850659045876935e-12,193.94913693647575,2.5051465087244651e-05,1.2916511126148755e-07,1.4715931194259031e-89,301,284,1820,2388,1820,19,0,"ok"
grid54_E,1,-0.0050000000000000001,0.20000000000000001,0.10000000000000001,10,0,0,E,event,193.94916198794084,2.8850659045876935e-12,193.94916325442381,1.2664829682762502e-06,6.5299739132412247e-09,7.4395772478778351e-91,899,86,517,4579,1620,0,10,"ok"
grid54_E,1,-0.0050000000000000001,0.20000000000000001,0.10000000000000001,10,0,0,E,event_tight,193.94916198794084,2.8850659045876935e-12,193.94916210417387,1.162330249826482e-07,5.9929635060694518e-10,6.827767025420254e-92,1557,151,907,7602,2745,0,10,"ok"
grid55_O,1,-0.0050000000000000001,0.20000000000000001,1,10,0,0,O,rk,32.633923504172124,5.2053942489106247e-13,0,32.633923504172124,1,0.99999999999999323,25,33,200,200,200,0,0,"ok"
grid55_O,1,-0.0050000000000000001,0.20000000000000001,1,10,0,0,O,cap_1pct,32.633923504172124,5.2053942489106247e-13,32.63500900596334,0.0010855017912163589,3.3262987549676083e-05,7.2888993177697852e-18,557,748,4598,4598,4598,18,0,"ok"
grid55_O,1,-0.0050000000000000001,0.20000000000000001,1,10,0,0,O,cap_0.1pct,32.633923504172124,5.2053942489106247e-13,32.633926212024903,2.7078527793378271e-06,8.2976623359175253e-08,1.8192465508120254e-20,5398,7204,43358,43358,43358,22,0,"ok"
grid55_O,1,-0.0050000000000000001,0.20000000000000001,1,10,0,0,O,thermal,32.633923504172124,5.2053942489106247e-13,32.633913275421861,1.0228750262797348e-05,3.1343918120938297e-07,6.8721383759306989e-20,291,282,1826,2390,1826,22,0,"ok"
grid55_O,1,-0.0050000000000000001,0.20000000000000001,1,10,0,0,O,event,32.633923504172124,5.2053942489106247e-13,32.633923480613305,2.35588188957081e-08,7.2191193598576011e-10,1.5827802390017904e-22,986,86,517,5270,1755,0,10,"ok"
grid55_O,1,-0.0050000000000000001,0.20000000000000001,1,10,0,0,O,event_tight,32.633923504172124,5.2053942489106247e-13,32.633923502304164,1.8679600088944426e-09,5.7239823113994583e-11,1.2549738861115027e-23,1575,151,907,7873,2775,0,10,"ok"
grid55_E,1,-0.0050000000000000001,0.20000000000000001,1,10,0,0,E,rk,197.28284942712872,2.944981875398374e-12,0,197.28284942712872,1,1,25,33,200,200,200,0,0,"ok"
grid55_E,1,-0.0050000000000000001,0.20000000000000001,1,10,0,0,E,cap_1pct,197.28284942712872,2.944981875398374e-12,197.27703811907583,0.0058113080528983119,2.9456732147640953e-05,1.2209096824500714e-88,573,749,4658,4658,4658,27,0,"ok"
grid55_E,1,-0.0050000000000000001,0.20000000000000001,1,10,0,0,E,cap_0.1pct,197.28284942712872,2.944981875398374e-12,197.28292130088252,7.1873753796580786e-05,3.6431830747218161e-07,1.5055730776218528e-90,5409,7214,43460,43460,43460,29,0,"ok"
grid55_E,1,-0.0050000000000000001,0.20000000000000001,1,10,0,0,E,thermal,197.28284942712872,2.944981875398374e-12,197.2827345512834,0.00011487584532687833,5.8229007569819466e-07,2.4065826704693742e-90,298,285,1832,2402,1832,20,0,"ok"
grid55_E,1,-0.0050000000000000001,0.20000000000000001,1,10,0,0,E,event,197.28284942712872,2.944981875398374e-12,197.28284928394282,1.4318590046968893e-07,7.2578990462411261e-10,2.9994899121708388e-93,965,86,517,5270,1755,0,10,"ok"
grid55_E,1,-0.0050000000000000001,0.20000000000000001,1,10,0,0,E,event_tight,197.28284942712872,2.944981875398374e-12,197.2828494157568,1.1371923847036669e-08,5.764273924499032e-11,2.3822156067713327e-94,1585,151,907,7903,2805,0,10,"ok"
grid56_O,1,-0.0050000000000000001,0.20000000000000001,10,10,0,0,O,rk,33.986832713063443,5.3868208371980588e-13,0,33.986832713063443,1,0.99999999999999822,25,33,200,200,200,0,0,"ok"
grid56_O,1,-0.0050000000000000001,0.20000000000000001,10,10,0,0,O,cap_1pct,33.986832713063443,5.3868208371980588e-13,2.9989966066068519e-10,33.986832712763544,0.99999999999117606,0.99999999970009856,525,721,4328,4328,4328,0,0,"ok"
grid56_O,1,-0.0050000000000000001,0.20000000000000001,10,10,0,0,O,cap_0.1pct,33.986832713063443,5.3868208371980588e-13,33.986807884770755,2.4828292687573139e-05,7.30526815993358e-07,4.3117973688222299e-20,5257,7207,43418,43418,43418,29,0,"ok"
grid56_O,1,-0.0050000000000000001,0.20000000000000001,10,10,0,0,O,thermal,33.986832713063443,5.3868208371980588e-13,33.986808776710284,2.3936353159115242e-05,7.0428313697836519e-07,4.1568971270563623e-20,300,284,1862,2430,1862,26,0,"ok"
grid56_O,1,-0.0050000000000000001,0.20000000000000001,10,10,0,0,O,event,33.986832713063443,5.3868208371980588e-13,33.986832016215423,6.9684801928815432e-07,2.050347042254127e-08,1.2101642429891998e-21,1012,86,517,5730,1845,0,10,"ok"
grid56_O,1,-0.0050000000000000001,0.20000000000000001,10,10,0,0,O,event_tight,33.986832713063443,5.3868208371980588e-13,33.986832693596476,1.9466966705294908e-08,5.7277966645631073e-10,3.3806824997585524e-23,1679,151,907,9047,3030,0,10,"ok"
grid56_E,1,-0.0050000000000000001,0.20000000000000001,10,10,0,0,E,rk,205.46160761056228,3.0582906871198042e-12,0,205.46160761056228,1,1,25,33,200,200,200,0,0,"ok"
grid56_E,1,-0.0050000000000000001,0.20000000000000001,10,10,0,0,E,cap_1pct,205.46160761056228,3.0582906871198042e-12,1.6524355217484299e-09,205.46160760890984,0.99999999999195743,0.99999999834756448,522,721,4328,4328,4328,0,0,"ok"
grid56_E,1,-0.0050000000000000001,0.20000000000000001,10,10,0,0,E,cap_0.1pct,205.46160761056228,3.0582906871198042e-12,205.46128364543489,0.00032396512739296668,1.5767672177812378e-06,1.9042597404204871e-93,5308,7214,43466,43466,43466,30,0,"ok"
grid56_E,1,-0.0050000000000000001,0.20000000000000001,10,10,0,0,E,thermal,205.46160761056228,3.0582906871198042e-12,205.46151472482899,9.2885733295133832e-05,4.5208316227716892e-07,5.4591717254187353e-94,309,289,1892,2470,1892,26,0,"ok"
grid56_E,1,-0.0050000000000000001,0.20000000000000001,10,10,0,0,E,event,205.46160761056228,3.0582906871198042e-12,205.46160339843442,4.2121278625018022e-06,2.0500802614596435e-08,2.4754834803111901e-95,1001,86,517,5730,1845,0,10,"ok"
grid56_E,1,-0.0050000000000000001,0.20000000000000001,10,10,0,0,E,event_tight,205.46160761056228,3.0582906871198042e-12,205.46160749277996,1.1778232078540896e-07,5.7325707783157659e-10,6.922097388380864e-97,1678,151,907,9047,3030,0,10,"ok"
grid57_O,1,-0.0050000000000000001,0.80000000000000004,0.10000000000000001,10,0,0,O,rk,55.05557972709915,8.1902891453272999e-13,0,55.05557972709915,1,1,26,33,200,200,200,0,0,"ok"
grid57_O,1,-0.0050000000000000001,0.80000000000000004,0.10000000000000001,10,0,0,O,cap_1pct,55.05557972709915,8.1902891453272999e-13,55.054332243281664,0.0012474838174867386,2.2658626494722188e-05,1.5345157947454964e-27,574,744,4580,4580,4580,19,0,"ok"
grid57_O,1,-0.0050000000000000001,0.80000000000000004,0.10000000000000001,10,0,0,O,cap_0.1pct,55.05557972709915,8.1902891453272999e-13,55.05560612026818,2.6393169029859109e-05,4.7939135616563147e-07,3.2445265658417653e-29,5525,7200,43328,43328,43328,21,0,"ok"
grid57_O,1,-0.0050000000000000001,0.80000000000000004,0.10000000000000001,10,0,0,O,thermal,55.05557972709915,8.1902891453272999e-13,55.055617154749314,3.7427650163124326e-05,6.7981574889678066e-07,4.6009759242498752e-29,279,264,1688,2216,1688,17,0,"ok"
grid57_O,1,-0.0050000000000000001,0.80000000000000004,0.10000000000000001,10,0,0,O,event,55.05557972709915,8.1902891453272999e-13,55.055579259229212,4.6786993834757595e-07,8.4981384387690608e-09,5.7516277443630587e-31,897,86,517,4588,1620,0,10,"ok"
grid57_O,1,-0.0050000000000000001,0.80000000000000004,0.10000000000000001,10,0,0,O,event_tight,55.05557972709915,8.1902891453272999e-13,55.055579752155694,2.5056543506707385e-08,4.5511360757453242e-10,3.080255074584954e-32,1504,151,907,7581,2715,0,10,"ok"
grid57_E,1,-0.0050000000000000001,0.80000000000000004,0.10000000000000001,10,0,0,E,rk,61.000026613466794,9.111174003457853e-13,0,61.000026613466794,1,1,25,33,200,200,200,0,0,"ok"
grid57_E,1,-0.0050000000000000001,0.80000000000000004,0.10000000000000001,10,0,0,E,cap_1pct,61.000026613466794,9.111174003457853e-13,60.995173086821708,0.0048535266450855374,7.9565975861624271e-05,1.5672447373153285e-29,568,745,4580,4580,4580,18,0,"ok"
grid57_E,1,-0.0050000000000000001,0.80000000000000004,0.10000000000000001,10,0,0,E,cap_0.1pct,61.000026613466794,9.111174003457853e-13,61.000059771180275,3.3157713481557494e-05,5.4356883631649704e-07,1.0680766486372575e-31,5381,7205,43382,43382,43382,25,0,"ok"
grid57_E,1,-0.0050000000000000001,0.80000000000000004,0.10000000000000001,10,0,0,E,thermal,61.000026613466794,9.111174003457853e-13,61.000034440715403,7.8272486092600957e-06,1.283154949891792e-07,2.5213461568317819e-32,281,269,1748,2286,1748,22,0,"ok"
grid57_E,1,-0.0050000000000000001,0.80000000000000004,0.10000000000000001,10,0,0,E,event,61.000026613466794,9.111174003457853e-13,61.000026095078759,5.1838803472037398e-07,8.4981607959812102e-09,1.6698602514167847e-33,886,86,517,4588,1620,0,10,"ok"
grid57_E,1,-0.0050000000000000001,0.80000000000000004,0.10000000000000001,10,0,0,E,event_tight,61.000026613466794,9.111174003457853e-13,61.000026641227578,2.7760783893882035e-08,4.5509461938092612e-10,8.9424550356792488e-35,1507,151,907,7581,2715,0,10,"ok"
grid58_O,1,-0.0050000000000000001,0.80000000000000004,1,10,0,0,O,rk,55.863652872647748,8.3074968641453223e-13,-3.7996805701823178e-09,55.863652876447432,1.0000000000680171,1.0000000037996806,25,33,200,200,200,0,0,"ok"
grid58_O,1,-0.0050000000000000001,0.80000000000000004,1,10,0,0,O,cap_1pct,55.863652872647748,8.3074968641453223e-13,55.856836327497433,0.0068165451503148233,0.00012202111390485843,3.7477375396111713e-27,563,747,4616,4616,4616,22,0,"ok"
grid58_O,1,-0.0050000000000000001,0.80000000000000004,1,10,0,0,O,cap_0.1pct,55.863652872647748,8.3074968641453223e-13,55.863669679129735,1.6806481987430288e-05,3.0084824609919422e-07,9.2086715560236529e-30,5390,7202,43346,43346,43346,22,0,"ok"
grid58_O,1,-0.0050000000000000001,0.80000000000000004,1,10,0,0,O,thermal,55.863652872647748,8.3074968641453223e-13,55.863639266851486,1.3605796262083913e-05,2.4355364467663831e-07,7.4550530171224181e-30,276,268,1718,2254,1718,18,0,"ok"
grid58_O,1,-0.0050000000000000001,0.80000000000000004,1,10,0,0,O,event,55.863652872647748,8.3074968641453223e-13,55.863653228588547,3.5594079861311911e-07,6.3715990686208186e-09,1.9503004080628537e-31,965,86,517,5403,1770,0,10,"ok"
grid58_O,1,-0.0050000000000000001,0.80000000000000004,1,10,0,0,O,event_tight,55.863652872647748,8.3074968641453223e-13,55.863652899728223,2.7080474751528527e-08,4.8476018589876016e-10,1.4838161232648084e-32,1600,151,907,8400,2880,0,10,"ok"
grid58_E,1,-0.0050000000000000001,0.80000000000000004,1,10,0,0,E,rk,61.895348534678057,9.1946664551071452e-13,-4.190336522214011e-09,61.89534853886839,1.0000000000677003,1.0000000041903365,25,33,200,200,200,0,0,"ok"
grid58_E,1,-0.0050000000000000001,0.80000000000000004,1,10,0,0,E,cap_1pct,61.895348534678057,9.1946664551071452e-13,61.897041695584562,0.0016931609065053976,2.7355220490547391e-05,2.2259853155159502e-30,583,746,4634,4634,4634,26,0,"ok"
grid58_E,1,-0.0050000000000000001,0.80000000000000004,1,10,0,0,E,cap_0.1pct,61.895348534678057,9.1946664551071452e-13,61.895334024834888,1.4509843168752923e-05,2.3442542149388665e-07,1.9092269013864781e-32,5423,7199,43298,43298,43298,17,0,"ok"
grid58_E,1,-0.0050000000000000001,0.80000000000000004,1,10,0,0,E,thermal,61.895348534678057,9.1946664551071452e-13,61.895330992727565,1.7541950491306579e-05,2.8341306587002033e-07,2.3081996246561131e-32,282,265,1736,2266,1736,24,0,"ok"
grid58_E,1,-0.0050000000000000001,0.80000000000000004,1,10,0,0,E,event,61.895348534678057,9.1946664551071452e-13,61.895348929019107,3.9434105048030688e-07,6.3710934636610008e-09,5.1887599508389632e-34,961,86,517,5403,1770,0,10,"ok"
grid58_E,1,-0.0050000000000000001,0.80000000000000004,1,10,0,0,E,event_tight,61.895348534678057,9.1946664551071452e-13,61.895348564684042,3.000598525204623e-08,4.8478578701652838e-10,3.9482037759797103e-35,1598,151,907,8400,2880,0,10,"ok"
grid59_O,1,-0.0050000000000000001,0.80000000000000004,10,10,0,0,O,rk,57.816671737686328,8.6343088296803746e-13,0,57.816671737686328,1,1,25,33,200,200,200,0,0,"ok"
grid59_O,1,-0.0050000000000000001,0.80000000000000004,10,10,0,0,O,cap_1pct,57.816671737686328,8.6343088296803746e-13,57.819909601090743,0.003237863404415009,5.6002244804148595e-05,2.5124308772893144e-28,557,742,4568,4568,4568,19,0,"ok"
grid59_O,1,-0.0050000000000000001,0.80000000000000004,10,10,0,0,O,cap_0.1pct,57.816671737686328,8.6343088296803746e-13,57.816641640062187,3.0097624140523749e-05,5.2056998848146043e-07,2.3392533083522807e-30,5346,7203,43376,43376,43376,26,0,"ok"
grid59_O,1,-0.0050000000000000001,0.80000000000000004,10,10,0,0,O,thermal,57.816671737686328,8.6343088296803746e-13,57.816699861969688,2.8124283360853042e-05,4.8643898923225187e-07,2.1858173061278593e-30,277,265,1712,2242,1712,20,0,"ok"
grid59_O,1,-0.0050000000000000001,0.80000000000000004,10,10,0,0,O,event,57.816671737686328,8.6343088296803746e-13,57.816670445957186,1.2917291414282772e-06,2.2341810806558353e-08,1.0039457375565716e-31,1159,86,517,7154,2115,0,10,"ok"
grid59_O,1,-0.0050000000000000001,0.80000000000000004,10,10,0,0,O,event_tight,57.816671737686328,8.6343088296803746e-13,57.816671683090107,5.4596220877556334e-08,9.4429892341881676e-10,4.2432741954396649e-33,1836,151,907,10868,3390,0,10,"ok"
grid59_E,1,-0.0050000000000000001,0.80000000000000004,10,10,0,0,E,rk,64.059237487909343,9.5278213712657312e-13,0,64.059237487909343,1,1,25,33,200,200,200,0,0,"ok"
grid59_E,1,-0.0050000000000000001,0.80000000000000004,10,10,0,0,E,cap_1pct,64.059237487909343,9.5278213712657312e-13,64.063331180698725,0.0040936927893824304,6.3904800461527211e-05,6.1752317549984268e-31,563,744,4586,4586,4586,20,0,"ok"
grid59_E,1,-0.0050000000000000001,0.80000000000000004,10,10,0,0,E,cap_0.1pct,64.059237487909343,9.5278213712657312e-13,64.059274164736422,3.6676827079418217e-05,5.7254548317626581e-07,5.5438368069487645e-33,5344,7201,43340,43340,43340,22,0,"ok"
grid59_E,1,-0.0050000000000000001,0.80000000000000004,10,10,0,0,E,thermal,64.059237487909343,9.5278213712657312e-13,64.059237874146262,3.8623691978045827e-07,6.0293711715403628e-09,5.8382185052981343e-35,280,267,1718,2252,1718,19,0,"ok"
grid59_E,1,-0.0050000000000000001,0.80000000000000004,10,10,0,0,E,event,64.059237487909343,9.5278213712657312e-13,64.059236056709651,1.4311996920923775e-06,2.2341815922528031e-08,2.1633519976802739e-34,1158,86,517,7154,2115,0,10,"ok"
grid59_E,1,-0.0050000000000000001,0.80000000000000004,10,10,0,0,E,event_tight,64.059237487909343,9.5278213712657312e-13,64.059237427419333,6.049000944585714e-08,9.4428238327492015e-10,9.143454543099088e-36,1845,151,907,10868,3390,0,10,"ok"
ultracold60_O,1,-0.001,-0.20000000000000001,1,10,0,0,O,rk,160.68283191453128,2.395355071245863e-12,0,160.68283191453128,1,1,25,33,200,200,200,0,0,"ok"
ultracold60_O,1,-0.001,-0.20000000000000001,1,10,0,0,O,cap_1pct,160.68283191453128,2.395355071245863e-12,0,160.68283191453128,1,1,533,722,4340,4340,4340,1,0,"ok"
ultracold60_O,1,-0.001,-0.20000000000000001,1,10,0,0,O,cap_0.1pct,160.68283191453128,2.395355071245863e-12,160.68283491523096,3.0006996780684858e-06,1.8674675087034726e-08,4.9380404489615623e-76,5414,7223,43520,43520,43520,30,0,"ok"
ultracold60_O,1,-0.001,-0.20000000000000001,1,10,0,0,O,thermal,160.68283191453128,2.395355071245863e-12,160.68283107756523,8.3696605202021601e-07,5.2088081971657448e-09,1.3773388185618276e-76,354,324,2096,2744,2096,25,0,"ok"
ultracold60_O,1,-0.001,-0.20000000000000001,1,10,0,0,O,event,160.68283191453128,2.395355071245863e-12,160.68283168573413,2.2879714833834441e-07,1.4239053768982849e-09,3.7651598584408145e-77,958,86,517,5269,1755,0,10,"ok"
ultracold60_O,1,-0.001,-0.20000000000000001,1,10,0,0,O,event_tight,160.68283191453128,2.395355071245863e-12,160.68283189385204,2.067923787762993e-08,1.286960008809741e-10,3.4030418932717612e-78,1560,151,907,7901,2805,0,10,"ok"
ultracold60_E,1,-0.001,-0.20000000000000001,1,10,0,0,E,rk,985.05516193912536,1.4786350730723493e-11,0,985.05516193912536,1,1,25,33,200,200,200,0,0,"ok"
ultracold60_E,1,-0.001,-0.20000000000000001,1,10,0,0,E,cap_1pct,985.05516193912536,1.4786350730723493e-11,0,985.05516193912536,1,1,522,722,4340,4340,4340,1,0,"ok"
ultracold60_E,1,-0.001,-0.20000000000000001,1,10,0,0,E,cap_0.1pct,985.05516193912536,1.4786350730723493e-11,985.05516091051572,1.0286096312484005e-06,1.0442152591978059e-09,0,5415,7226,43520,43520,43520,27,0,"ok"
ultracold60_E,1,-0.001,-0.20000000000000001,1,10,0,0,E,thermal,985.05516193912536,1.4786350730723493e-11,985.05516081585051,1.1232748420297867e-06,1.1403166903045001e-09,0,364,331,2222,2884,2222,39,0,"ok"
ultracold60_E,1,-0.001,-0.20000000000000001,1,10,0,0,E,event,985.05516193912536,1.4786350730723493e-11,985.05516053634904,1.4027763199919718e-06,1.4240586458432883e-09,0,958,86,517,5269,1755,0,10,"ok"
ultracold60_E,1,-0.001,-0.20000000000000001,1,10,0,0,E,event_tight,985.05516193912536,1.4786350730723493e-11,985.05516181233554,1.2678981420322089e-07,1.2871341535191738e-10,0,1564,151,907,7901,2805,0,10,"ok"
ultracold61_O,1,-0.001,0,1,10,0,0,O,rk,0.00051824540662163889,1.3860235424970383e-12,0,0.00051824540662163889,1,0.00051811114066613317,19,33,200,200,200,0,0,"ok"
ultracold61_O,1,-0.001,0,1,10,0,0,O,cap_1pct,0.00051824540662163889,1.3860235424970383e-12,0,0.00051824540662163889,1,0.00051811114066613317,391,721,4328,4328,4328,0,0,"ok"
ultracold61_O,1,-0.001,0,1,10,0,0,O,cap_0.1pct,0.00051824540662163889,1.3860235424970383e-12,0,0.00051824540662163889,1,0.00051811114066613317,3846,7161,42968,42968,42968,0,0,"ok"
ultracold61_O,1,-0.001,0,1,10,0,0,O,thermal,0.00051824540662163889,1.3860235424970383e-12,0.00051871051987040229,4.6511324876339754e-07,0.0008974768378467614,4.6487216032176093e-07,609,731,4388,5850,4388,0,0,"ok"
ultracold61_O,1,-0.001,0,1,10,0,0,O,event,0.00051824540662163889,1.3860235424970383e-12,0.00051824541487894302,8.2573041286504445e-12,1.5933193084099913e-08,8.2530648981560262e-12,723,86,517,4620,1635,0,10,"ok"
ultracold61_O,1,-0.001,0,1,10,0,0,O,event_tight,0.00051824540662163889,1.3860235424970383e-12,0.00051824540694193791,3.2029901734370592e-13,6.1804506755146237e-10,3.2018832030189515e-13,1223,151,907,7547,2700,0,10,"ok"
ultracold61_E,1,-0.001,0,1,10,0,0,E,rk,1036.4908074430155,1.548589230220137e-11,0,1036.4908074430155,1,1,18,33,200,200,200,0,0,"ok"
ultracold61_E,1,-0.001,0,1,10,0,0,E,cap_1pct,1036.4908074430155,1.548589230220137e-11,0,1036.4908074430155,1,1,379,721,4328,4328,4328,0,0,"ok"
ultracold61_E,1,-0.001,0,1,10,0,0,E,cap_0.1pct,1036.4908074430155,1.548589230220137e-11,0,1036.4908074430155,1,1,3880,7161,42968,42968,42968,0,0,"ok"
ultracold61_E,1,-0.001,0,1,10,0,0,E,thermal,1036.4908074430155,1.548589230220137e-11,nan,nan,nan,nan,559,582,3787,4953,3787,49,0,"stepsize underflow in StepperDopr5"
ultracold61_E,1,-0.001,0,1,10,0,0,E,event,1036.4908074430155,1.548589230220137e-11,1036.4908239702374,1.6527221987416851e-05,1.5945362823032554e-08,0,721,86,517,4650,1665,0,10,"ok"
ultracold61_E,1,-0.001,0,1,10,0,0,E,event_tight,1036.4908074430155,1.548589230220137e-11,1036.4908084457218,1.0027063126472058e-06,9.6740492578110283e-10,0,1238,151,907,7607,2760,0,10,"ok"
ultracold62_O,1,-0.001,0.20000000000000001,1,10,0,0,O,rk,161.50923434898058,2.4021416533961296e-12,0,161.50923434898058,1,1,25,33,200,200,200,0,0,"ok"
ultracold62_O,1,-0.001,0.20000000000000001,1,10,0,0,O,cap_1pct,161.50923434898058,2.4021416533961296e-12,0,161.50923434898058,1,1,538,722,4340,4340,4340,1,0,"ok"
ultracold62_O,1,-0.001,0.20000000000000001,1,10,0,0,O,cap_0.1pct,161.50923434898058,2.4021416533961296e-12,161.50929729095387,6.2941973283159314e-05,3.8971129754201941e-07,4.5327047652898288e-75,5423,7223,43496,43496,43496,26,0,"ok"
ultracold62_O,1,-0.001,0.20000000000000001,1,10,0,0,O,thermal,161.50923434898058,2.4021416533961296e-12,161.50916903231388,6.5316666706394244e-05,4.0441444088120344e-07,4.704017649954237e-75,336,318,2060,2696,2060,25,0,"ok"
ultracold62_O,1,-0.001,0.20000000000000001,1,10,0,0,O,event,161.50923434898058,2.4021416533961296e-12,161.50923415635137,1.9262921568952152e-07,1.1926823655995948e-09,1.3872442843823324e-77,965,86,517,5269,1755,0,10,"ok"
ultracold62_O,1,-0.001,0.20000000000000001,1,10,0,0,O,event_tight,161.50923434898058,2.4021416533961296e-12,161.50923433178471,1.7195873169839615e-08,1.0646990705611101e-10,1.2383830050774607e-78,1562,151,907,7901,2805,0,10,"ok"
ultracold62_E,1,-0.001,0.20000000000000001,1,10,0,0,E,rk,985.5096417038518,1.4631745881536471e-11,0,985.5096417038518,1,1,25,33,200,200,200,0,0,"ok"
ultracold62_E,1,-0.001,0.20000000000000001,1,10,0,0,E,cap_1pct,985.5096417038518,1.4631745881536471e-11,1.8762769116165146e-14,985.5096417038518,1,0.99999999999998124,525,722,4340,4340,4340,1,0,"ok"
ultracold62_E,1,-0.001,0.20000000000000001,1,10,0,0,E,cap_0.1pct,985.5096417038518,1.4631745881536471e-11,985.50971375746769,7.2053615895129042e-05,7.3113050188484442e-08,0,5385,7231,43598,43598,43598,35,0,"ok"
ultracold62_E,1,-0.001,0.20000000000000001,1,10,0,0,E,thermal,985.5096417038518,1.4631745881536471e-11,985.50928609064613,0.00035561320567012444,3.6084193459061778e-07,0,349,324,2072,2720,2072,21,0,"ok"
ultracold62_E,1,-0.001,0.20000000000000001,1,10,0,0,E,event,985.5096417038518,1.4631745881536471e-11,985.50964052829954,1.1755522564271814e-06,1.1928368903573224e-09,0,965,86,517,5269,1755,0,10,"ok"
ultracold62_E,1,-0.001,0.20000000000000001,1,10,0,0,E,event_tight,985.5096417038518,1.4631745881536471e-11,985.50964159890759,1.0494420621398604e-07,1.0648724454135989e-10,0,1591,151,907,7901,2805,0,10,"ok"
axis63_O,1,-0.20000000000000001,-1,1,10,0,0,O,rk,0,0,0,0,0,0,12,33,200,200,200,0,0,"ok"
axis63_O,1,-0.20000000000000001,-1,1,10,0,0,O,cap_1pct,0,0,0,0,0,0,285,721,4328,4328,4328,0,0,"ok"
axis63_O,1,-0.20000000000000001,-1,1,10,0,0,O,cap_0.1pct,0,0,0,0,0,0,2715,7161,42968,42968,42968,0,0,"ok"
axis63_O,1,-0.20000000000000001,-1,1,10,0,0,O,thermal,0,0,0,0,0,0,91,167,1004,1338,1004,0,0,"ok"
axis63_O,1,-0.20000000000000001,-1,1,10,0,0,O,event,0,0,0,0,0,0,696,86,517,4377,1395,0,9,"ok"
axis63_O,1,-0.20000000000000001,-1,1,10,0,0,O,event_tight,0,0,0,0,0,0,1235,151,907,7304,2370,0,9,"ok"
axis63_E,1,-0.20000000000000001,-1,1,10,0,0,E,rk,0,0,0,0,0,0,13,33,200,200,200,0,0,"ok"
axis63_E,1,-0.20000000000000001,-1,1,10,0,0,E,cap_1pct,0,0,0,0,0,0,269,721,4328,4328,4328,0,0,"ok"
axis63_E,1,-0.20000000000000001,-1,1,10,0,0,E,cap_0.1pct,0,0,0,0,0,0,2744,7161,42968,42968,42968,0,0,"ok"
axis63_E,1,-0.20000000000000001,-1,1,10,0,0,E,thermal,0,0,0,0,0,0,88,167,1004,1338,1004,0,0,"ok"
axis63_E,1,-0.20000000000000001,-1,1,10,0,0,E,event,0,0,0,0,0,0,721,86,517,4377,1395,0,9,"ok"
axis63_E,1,-0.20000000000000001,-1,1,10,0,0,E,event_tight,0,0,0,0,0,0,1203,151,907,7304,2370,0,9,"ok"
axis64_O,1,-0.20000000000000001,1,1,10,0,0,O,rk,0,0,0,0,0,0,13,33,200,200,200,0,0,"ok"
axis64_O,1,-0.20000000000000001,1,1,10,0,0,O,cap_1pct,0,0,0,0,0,0,285,721,4328,4328,4328,0,0,"ok"
axis64_O,1,-0.20000000000000001,1,1,10,0,0,O,cap_0.1pct,0,0,0,0,0,0,2730,7161,42968,42968,42968,0,0,"ok"
axis64_O,1,-0.20000000000000001,1,1,10,0,0,O,thermal,0,0,0,0,0,0,88,167,1004,1338,1004,0,0,"ok"
axis64_O,1,-0.20000000000000001,1,1,10,0,0,O,event,0,0,0,0,0,0,700,86,517,4380,1395,0,9,"ok"
axis64_O,1,-0.20000000000000001,1,1,10,0,0,O,event_tight,0,0,0,0,0,0,1209,151,907,7303,2370,0,9,"ok"
axis64_E,1,-0.20000000000000001,1,1,10,0,0,E,rk,0,0,0,0,0,0,13,33,200,200,200,0,0,"ok"
axis64_E,1,-0.20000000000000001,1,1,10,0,0,E,cap_1pct,0,0,0,0,0,0,271,721,4328,4328,4328,0,0,"ok"
axis64_E,1,-0.20000000000000001,1,1,10,0,0,E,cap_0.1pct,0,0,0,0,0,0,2727,7161,42968,42968,42968,0,0,"ok"
axis64_E,1,-0.20000000000000001,1,1,10,0,0,E,thermal,0,0,0,0,0,0,91,167,1004,1338,1004,0,0,"ok"
axis64_E,1,-0.20000000000000001,1,1,10,0,0,E,event,0,0,0,0,0,0,695,86,517,4380,1395,0,9,"ok"
axis64_E,1,-0.20000000000000001,1,1,10,0,0,E,event_tight,0,0,0,0,0,0,1233,151,907,7303,2370,0,9,"ok"
inward_south65_O,1,-0.75,-0.20000000000000001,1,300,3.1415926535897931,0,O,rk,0.79775525652950274,1.1011681739661927e-12,0.79765711776458992,9.8138764912825138e-05,0.00012301863774581817,4.4197855017302778e-05,54,39,326,326,326,15,0,"ok"
inward_south65_O,1,-0.75,-0.20000000000000001,1,300,3.1415926535897931,0,O,cap_1pct,0.79775525652950274,1.1011681739661927e-12,0.79775324184054408,2.014688958662525e-06,2.5254474253508317e-06,9.0729337143269362e-07,371,371,2270,2270,2270,7,0,"ok"
inward_south65_O,1,-0.75,-0.20000000000000001,1,300,3.1415926535897931,0,O,cap_0.1pct,0.79775525652950274,1.1011681739661927e-12,0.79775406636008184,1.1901694209059954e-06,1.4918979363215017e-06,5.3597969884577878e-07,3576,3650,21968,21968,21968,11,0,"ok"
inward_south65_O,1,-0.75,-0.20000000000000001,1,300,3.1415926535897931,0,O,thermal,0.79775525652950274,1.1011681739661927e-12,0.79775498996293692,2.6656656582080274e-07,3.3414579677037139e-07,1.2004526345199551e-07,146,103,722,928,722,17,0,"ok"
inward_south65_O,1,-0.75,-0.20000000000000001,1,300,3.1415926535897931,0,O,event,0.79775525652950274,1.1011681739661927e-12,0.7977552564081607,1.2134204752101141e-10,1.5210435346911927e-10,5.4645066249747742e-11,535,39,235,2591,990,0,17,"ok"
inward_south65_O,1,-0.75,-0.20000000000000001,1,300,3.1415926535897931,0,O,event_tight,0.79775525652950274,1.1011681739661927e-12,0.79775525649210033,3.7402414498899361e-11,4.6884572922292159e-11,1.6843804129251794e-11,995,77,463,4605,1890,0,17,"ok"
inward_south65_E,1,-0.75,-0.20000000000000001,1,300,3.1415926535897931,0,E,rk,1.3715632495026078,1.1185294794728764e-12,1.3714740842119721,8.9165290635628836e-05,6.5009973596160656e-05,2.2623137797384008e-05,71,46,374,374,374,16,0,"ok"
inward_south65_E,1,-0.75,-0.20000000000000001,1,300,3.1415926535897931,0,E,cap_1pct,1.3715632495026078,1.1185294794728764e-12,1.3716481814571533,8.4931954545508503e-05,6.1923469133712031e-05,2.1547174320901696e-05,376,374,2312,2312,2312,11,0,"ok"
inward_south65_E,1,-0.75,-0.20000000000000001,1,300,3.1415926535897931,0,E,cap_0.1pct,1.3715632495026078,1.1185294794728764e-12,1.3715619943037538,1.2551988539666326e-06,9.1515929318011814e-07,3.1845674791641798e-07,3661,3653,22022,22022,22022,17,0,"ok"
inward_south65_E,1,-0.75,-0.20000000000000001,1,300,3.1415926535897931,0,E,thermal,1.3715632495026078,1.1185294794728764e-12,1.3715641368074172,8.8730480940490963e-07,6.4692955992127038e-07,2.25118036378813e-07,167,113,830,1056,830,25,0,"ok"
inward_south65_E,1,-0.75,-0.20000000000000001,1,300,3.1415926535897931,0,E,event,1.3715632495026078,1.1185294794728764e-12,1.3715632500432873,5.4067950117087094e-10,3.942067574112578e-10,1.3717582625361047e-10,555,39,235,2561,960,0,17,"ok"
inward_south65_E,1,-0.75,-0.20000000000000001,1,300,3.1415926535897931,0,E,event_tight,1.3715632495026078,1.1185294794728764e-12,1.3715632492632217,2.3938606652507133e-10,1.7453520033573645e-10,6.0734639539816726e-11,1003,77,463,4575,1860,0,17,"ok"
inward_north66_O,1,-0.75,0.20000000000000001,1,300,3.1415926535897931,0,O,rk,0.12355169768747679,1.1004849671100148e-13,0.12367490339743936,0.00012320570996257607,0.00099719965219922848,0.00010887953604932221,53,38,314,314,314,14,0,"ok"
inward_north66_O,1,-0.75,0.20000000000000001,1,300,3.1415926535897931,0,O,cap_1pct,0.12355169768747679,1.1004849671100148e-13,0.12384254426585639,0.00029084657837960548,0.0023540476077900606,0.00025700583492505036,399,370,2282,2282,2282,10,0,"ok"
inward_north66_O,1,-0.75,0.20000000000000001,1,300,3.1415926535897931,0,O,cap_0.1pct,0.12355169768747679,1.1004849671100148e-13,0.12355426971484007,2.5720273632845458e-06,2.0817418225935448e-05,2.2730930054892795e-06,3671,3653,22046,22046,22046,21,0,"ok"
inward_north66_O,1,-0.75,0.20000000000000001,1,300,3.1415926535897931,0,O,thermal,0.12355169768747679,1.1004849671100148e-13,0.1235532872638182,1.5895763414153219e-06,1.286567785928887e-05,1.404828226081456e-06,379,279,1820,2378,1820,24,0,"ok"
inward_north66_O,1,-0.75,0.20000000000000001,1,300,3.1415926535897931,0,O,event,0.12355169768747679,1.1004849671100148e-13,0.12355169829297502,6.0549823488464938e-10,4.9007682307713265e-09,5.3512483333406635e-10,549,39,235,2640,1050,0,17,"ok"
inward_north66_O,1,-0.75,0.20000000000000001,1,300,3.1415926535897931,0,O,event_tight,0.12355169768747679,1.1004849671100148e-13,0.1235516977198796,3.2402816541043933e-11,2.6226120035199069e-10,2.8636870652576363e-11,977,77,463,4464,1770,0,17,"ok"
inward_north66_E,1,-0.75,0.20000000000000001,1,300,3.1415926535897931,0,E,rk,0.91430488869722693,1.7795874424869662e-13,0.91426032429636084,4.4564400866087261e-05,4.8741291244309221e-05,1.7861592675527671e-05,155,106,926,926,926,48,0,"ok"
inward_north66_E,1,-0.75,0.20000000000000001,1,300,3.1415926535897931,0,E,cap_1pct,0.91430488869722693,1.7795874424869662e-13,0.91416861053981846,0.00013627815740846483,0.00014905110876377856,5.462334323852458e-05,480,430,2834,2834,2834,42,0,"ok"
inward_north66_E,1,-0.75,0.20000000000000001,1,300,3.1415926535897931,0,E,cap_0.1pct,0.91430488869722693,1.7795874424869662e-13,0.91430410427921593,7.8441801099060626e-07,8.5793920680912727e-07,3.1439103925778866e-07,3815,3758,22862,22862,22862,52,0,"ok"
inward_north66_E,1,-0.75,0.20000000000000001,1,300,3.1415926535897931,0,E,thermal,0.91430488869722693,1.7795874424869662e-13,0.91430279832786898,2.0903693579432669e-06,2.2862935370735997e-06,8.3781072696131886e-07,594,391,2774,3556,2774,71,0,"ok"
inward_north66_E,1,-0.75,0.20000000000000001,1,300,3.1415926535897931,0,E,event,0.91430488869722693,1.7795874424869662e-13,0.91430489430980033,5.6125734060330501e-09,6.1386234235609124e-09,2.2494920370874638e-09,549,39,235,2610,1020,0,17,"ok"
inward_north66_E,1,-0.75,0.20000000000000001,1,300,3.1415926535897931,0,E,event_tight,0.91430488869722693,1.7795874424869662e-13,0.91430488999908244,1.3018555122812359e-09,1.4238746050414555e-09,5.217773435539641e-10,1022,77,463,4584,1890,0,17,"ok"
oblique_south67_O,0,-0.75,-0.20000000000000001,1,10,1.2,0,O,rk,0.013211103953060622,2.0643209364124004e-16,0.013516739070418948,0.00030563511735832646,0.023134714437510716,0.00030157780599981976,57,49,344,344,344,8,0,"ok"
oblique_south67_O,0,-0.75,-0.20000000000000001,1,10,1.2,0,O,cap_1pct,0.013211103953060622,2.0643209364124004e-16,0.013189983828647334,2.1120124413288172e-05,0.001598664614882185,2.0843159351024987e-05,772,781,4688,4688,4688,0,0,"ok"
oblique_south67_O,0,-0.75,-0.20000000000000001,1,10,1.2,0,O,cap_0.1pct,0.013211103953060622,2.0643209364124004e-16,0.01321234785261971,1.2438995590884072e-06,9.415561057637674e-05,1.2275735836730917e-06,7577,7760,46610,46610,46610,8,0,"ok"
oblique_south67_O,0,-0.75,-0.20000000000000001,1,10,1.2,0,O,thermal,0.013211103953060622,2.0643209364124004e-16,0.013210676783593334,4.2716946728818539e-07,3.2334123537739845e-05,4.2156329116416202e-07,197,149,950,1248,950,9,0,"ok"
oblique_south67_O,0,-0.75,-0.20000000000000001,1,10,1.2,0,O,event,0.013211103953060622,2.0643209364124004e-16,0.013211103955670545,2.6099226946296739e-12,1.9755523110731651e-10,2.5756063948279007e-12,6625,151,907,59409,15165,0,852,"ok"
oblique_south67_O,0,-0.75,-0.20000000000000001,1,10,1.2,0,O,event_tight,0.013211103953060622,2.0643209364124004e-16,0.013211103953093129,3.2506983216329388e-14,2.4605803823683094e-12,3.2085445411667024e-14,8662,339,2035,67026,18225,0,852,"ok"
oblique_south67_E,0,-0.75,-0.20000000000000001,1,10,1.2,0,E,rk,0.013227106396321549,1.9428902930940239e-16,0.013533688886555928,0.00030658249023437882,0.023178349145179571,0.00030250761829642148,57,49,344,344,344,8,0,"ok"
oblique_south67_E,0,-0.75,-0.20000000000000001,1,10,1.2,0,E,cap_1pct,0.013227106396321549,1.9428902930940239e-16,0.013205972091298368,2.1134305023181102e-05,0.0015978026024693157,2.0856820384329566e-05,788,781,4688,4688,4688,0,0,"ok"
oblique_south67_E,0,-0.75,-0.20000000000000001,1,10,1.2,0,E,cap_0.1pct,0.013227106396321549,1.9428902930940239e-16,0.013228359475503382,1.2530791818326364e-06,9.4735699879235641e-05,1.2366129307217477e-06,7576,7760,46610,46610,46610,8,0,"ok"
oblique_south67_E,0,-0.75,-0.20000000000000001,1,10,1.2,0,E,thermal,0.013227106396321549,1.9428902930940239e-16,0.01322673342045888,3.7297586266867022e-07,2.8197842482948091e-05,3.6807502379332391e-07,198,149,950,1248,950,9,0,"ok"
oblique_south67_E,0,-0.75,-0.20000000000000001,1,10,1.2,0,E,event,0.013227106396321549,1.9428902930940239e-16,0.013227106398944246,2.6226971983067671e-12,1.9828200664025335e-10,2.5882629373086274e-12,6697,151,907,59409,15165,0,852,"ok"
oblique_south67_E,0,-0.75,-0.20000000000000001,1,10,1.2,0,E,event_tight,0.013227106396321549,1.9428902930940239e-16,0.0132271063963542,3.2650965264835463e-14,2.4684888959474672e-12,3.219646771412954e-14,8619,339,2035,66996,18195,0,852,"ok"
oblique_north68_O,0,-0.75,0.20000000000000001,10,10,0.90000000000000002,0,O,rk,0.13717151152370879,1.1157741397482823e-14,0.13744613404324668,0.00027462251953788708,0.0020020375695169123,0.00023938872110706999,76,58,464,464,464,19,0,"ok"
oblique_north68_O,0,-0.75,0.20000000000000001,10,10,0.90000000000000002,0,O,cap_1pct,0.13717151152370879,1.1157741397482823e-14,0.13709746372346754,7.4047800241255901e-05,0.00053981908793399448,6.4558794193092517e-05,734,756,4598,4598,4598,10,0,"ok"
oblique_north68_O,0,-0.75,0.20000000000000001,10,10,0.90000000000000002,0,O,cap_0.1pct,0.13717151152370879,1.1157741397482823e-14,0.13717105146447006,4.6005923873271293e-07,3.3538978583989435e-06,4.0108925347670521e-07,7229,7482,44972,44972,44972,13,0,"ok"
oblique_north68_O,0,-0.75,0.20000000000000001,10,10,0.90000000000000002,0,O,thermal,0.13717151152370879,1.1157741397482823e-14,0.13716993103750363,1.5804862051604918e-06,1.1521971199444863e-05,1.3779016565518276e-06,438,315,2060,2690,2060,28,0,"ok"
oblique_north68_O,0,-0.75,0.20000000000000001,10,10,0.90000000000000002,0,O,event,0.13717151152370879,1.1157741397482823e-14,0.13717151157061766,4.6908865680705958e-11,3.419723611677065e-10,4.0896064312789804e-11,7832,142,853,73304,17910,0,1056,"ok"
oblique_north68_O,0,-0.75,0.20000000000000001,10,10,0.90000000000000002,0,O,event_tight,0.13717151152370879,1.1157741397482823e-14,0.13717151152474227,1.0334788580479426e-12,7.5342091558808523e-12,9.0094598448331453e-13,9677,318,1909,80402,20610,0,1056,"ok"
oblique_north68_E,0,-0.75,0.20000000000000001,10,10,0.90000000000000002,0,E,rk,0.32677921611576161,1.7652546091539989e-13,0.32674756817038664,3.1647945374968511e-05,9.68480974743425e-05,2.2826219134963743e-05,110,75,662,662,662,35,0,"ok"
oblique_north68_E,0,-0.75,0.20000000000000001,10,10,0.90000000000000002,0,E,cap_1pct,0.32677921611576161,1.7652546091539989e-13,0.3265435092408463,0.00023570687491530906,0.00072130314074751267,0.00017002196204884967,769,769,4754,4754,4754,23,0,"ok"
oblique_north68_E,0,-0.75,0.20000000000000001,10,10,0.90000000000000002,0,E,cap_0.1pct,0.32677921611576161,1.7652546091539989e-13,0.32677753528461129,1.6808311503191398e-06,5.1436292990056775e-06,1.2122886601240168e-06,7279,7512,45308,45308,45308,39,0,"ok"
oblique_north68_E,0,-0.75,0.20000000000000001,10,10,0.90000000000000002,0,E,thermal,0.32677921611576161,1.7652546091539989e-13,0.32677678951922806,2.4265965335446005e-06,7.4257982572703713e-06,1.7501678004627763e-06,501,350,2414,3114,2414,52,0,"ok"
oblique_north68_E,0,-0.75,0.20000000000000001,10,10,0.90000000000000002,0,E,event,0.32677921611576161,1.7652546091539989e-13,0.32677921562118417,4.9457743456216008e-10,1.5134910978761756e-09,3.5671054998687168e-10,7846,142,853,73334,17940,0,1056,"ok"
oblique_north68_E,0,-0.75,0.20000000000000001,10,10,0.90000000000000002,0,E,event_tight,0.32677921611576161,1.7652546091539989e-13,0.32677921611919147,3.4298675011257274e-12,1.0495978116033842e-11,2.4737989434697738e-12,9720,318,1909,80402,20610,0,1056,"ok"
turning69_O,0,-0.75,-0.20000000000000001,1,140,2.3999999999999999,0,O,rk,0.53415110034797364,1.1102230246251565e-14,0.53409608839749145,5.5011950482186656e-05,0.00010298949201143465,3.2247059115864118e-05,83,66,506,506,506,18,0,"ok"
turning69_O,0,-0.75,-0.20000000000000001,1,140,2.3999999999999999,0,O,cap_1pct,0.53415110034797364,1.1102230246251565e-14,0.53411118915839184,3.991118958179829e-05,7.4718912973872147e-05,2.3395076179433261e-05,631,649,3938,3938,3938,7,0,"ok"
turning69_O,0,-0.75,-0.20000000000000001,1,140,2.3999999999999999,0,O,cap_0.1pct,0.53415110034797364,1.1102230246251565e-14,0.53415000062207518,1.0997258984568603e-06,2.0588292296701103e-06,6.4462302851175934e-07,6209,6407,38540,38540,38540,16,0,"ok"
turning69_O,0,-0.75,-0.20000000000000001,1,140,2.3999999999999999,0,O,thermal,0.53415110034797364,1.1102230246251565e-14,0.53415122437217566,1.2402420201951259e-07,2.3218935978736506e-07,7.2698849717944825e-08,424,295,2012,2602,2012,40,0,"ok"
turning69_O,0,-0.75,-0.20000000000000001,1,140,2.3999999999999999,0,O,event,0.53415110034797364,1.1102230246251565e-14,0.53415110015194878,1.9602486300840383e-10,3.6698391687427601e-10,1.1490319806739535e-10,9746,148,889,92361,22920,0,1363,"ok"
turning69_O,0,-0.75,-0.20000000000000001,1,140,2.3999999999999999,0,O,event_tight,0.53415110034797364,1.1102230246251565e-14,0.53415110034727187,7.0177197386556145e-13,1.3138079719547351e-12,4.113376306236205e-13,11770,340,2041,99841,26130,0,1363,"ok"
turning69_E,0,-0.75,-0.20000000000000001,1,140,2.3999999999999999,0,E,rk,0.88334132278240207,1.6331380692236053e-13,0.88303114531179838,0.00031017747060368972,0.00035114113039190096,0.00012824703815189631,119,84,698,698,698,32,0,"ok"
turning69_E,0,-0.75,-0.20000000000000001,1,140,2.3999999999999999,0,E,cap_1pct,0.88334132278240207,1.6331380692236053e-13,0.88319497655127388,0.00014634623112819156,0.00016567348017550149,6.0503856788629573e-05,666,660,4094,4094,4094,22,0,"ok"
turning69_E,0,-0.75,-0.20000000000000001,1,140,2.3999999999999999,0,E,cap_0.1pct,0.88334132278240207,1.6331380692236053e-13,0.8833396034466735,1.7193357285671951e-06,1.9464002013983985e-06,7.1077279928388748e-07,6296,6438,38918,38918,38918,48,0,"ok"
turning69_E,0,-0.75,-0.20000000000000001,1,140,2.3999999999999999,0,E,thermal,0.88334132278240207,1.6331380692236053e-13,0.88333999378576733,1.3289966347418414e-06,1.5045108843721781e-06,5.494066448452628e-07,492,324,2318,2966,2318,62,0,"ok"
turning69_E,0,-0.75,-0.20000000000000001,1,140,2.3999999999999999,0,E,event,0.88334132278240207,1.6331380692236053e-13,0.88334132214980077,6.3260130467313047e-10,7.1614594308859517e-10,2.6151697474219304e-10,9722,148,889,92421,22980,0,1363,"ok"
turning69_E,0,-0.75,-0.20000000000000001,1,140,2.3999999999999999,0,E,event_tight,0.88334132278240207,1.6331380692236053e-13,0.88334132278809907,5.6969984285615283e-12,6.4493738508878732e-12,2.3551161021373446e-12,11766,340,2041,99931,26220,0,1363,"ok"
oblique_south70_O,0,-0.75,-0.20000000000000001,1,10,1.2,1.2,O,rk,0.11473846033830551,2.095545958979983e-15,0.11467335344416441,6.5106894141103711e-05,0.00056743740459072318,5.8051151115900979e-05,78,62,470,470,470,16,0,"ok"
oblique_south70_O,0,-0.75,-0.20000000000000001,1,10,1.2,1.2,O,cap_1pct,0.11473846033830551,2.095545958979983e-15,0.11483370091614187,9.5240577836358531e-05,0.00083006672353404763,8.4912389103797281e-05,791,786,4796,4796,4796,13,0,"ok"
oblique_south70_O,0,-0.75,-0.20000000000000001,1,10,1.2,1.2,O,cap_0.1pct,0.11473846033830551,2.095545958979983e-15,0.11473702319906343,1.4371392420831075e-06,1.2525348848552726e-05,1.2813532659361471e-06,7583,7766,46700,46700,46700,17,0,"ok"
oblique_south70_O,0,-0.75,-0.20000000000000001,1,10,1.2,1.2,O,thermal,0.11473846033830551,2.095545958979983e-15,0.11473876901679558,3.0867849007409909e-07,2.6902791719878656e-06,2.7521748380276989e-07,328,237,1562,2036,1562,23,0,"ok"
oblique_south70_O,0,-0.75,-0.20000000000000001,1,10,1.2,1.2,O,event,0.11473846033830551,2.095545958979983e-15,0.11473846033898251,6.7700012262861264e-13,5.9003765662575802e-12,6.0362825848869761e-13,3369,151,907,24158,6675,0,289,"ok"
oblique_south70_O,0,-0.75,-0.20000000000000001,1,10,1.2,1.2,O,event_tight,0.11473846033830551,2.095545958979983e-15,0.11473846033814158,1.6392442958590436e-13,1.4286790070441452e-12,1.4621637234313312e-13,5417,339,2035,32549,9975,0,289,"ok"
oblique_south70_E,0,-0.75,-0.20000000000000001,1,10,1.2,1.2,E,rk,0.7016059299733014,8.6830542755933493e-13,0.70124474825578786,0.00036118171751353678,0.00051479285177547039,0.0001791020706857771,121,85,722,722,722,35,0,"ok"
oblique_south70_E,0,-0.75,-0.20000000000000001,1,10,1.2,1.2,E,cap_1pct,0.7016059299733014,8.6830542755933493e-13,0.70129573542378421,0.00031019454951719538,0.00044212076361583685,0.00015381473381681499,822,810,5036,5036,5036,29,0,"ok"
oblique_south70_E,0,-0.75,-0.20000000000000001,1,10,1.2,1.2,E,cap_0.1pct,0.7016059299733014,8.6830542755933493e-13,0.70160431851652283,1.6114567785718847e-06,2.2968117995143035e-06,7.989423224663561e-07,7671,7807,47186,47186,47186,57,0,"ok"
oblique_south70_E,0,-0.75,-0.20000000000000001,1,10,1.2,1.2,E,thermal,0.7016059299733014,8.6830542755933493e-13,0.70160453428968395,1.3956836174555676e-06,1.989269984517774e-06,6.9196431778939527e-07,451,292,2150,2734,2150,66,0,"ok"
oblique_south70_E,0,-0.75,-0.20000000000000001,1,10,1.2,1.2,E,event,0.7016059299733014,8.6830542755933493e-13,0.70160593001559923,4.2297831903681526e-11,6.0287164199554451e-11,2.0970780667539657e-11,3362,151,907,24188,6705,0,289,"ok"
oblique_south70_E,0,-0.75,-0.20000000000000001,1,10,1.2,1.2,E,event_tight,0.7016059299733014,8.6830542755933493e-13,0.70160592997335036,4.8960835385969403e-14,6.9783953205516007e-14,2.4313884239290928e-14,5445,339,2035,32669,10095,0,289,"ok"
oblique_north71_O,0,-0.75,0.20000000000000001,10,10,0.90000000000000002,1.2,O,rk,0.32397370441379536,2.4813484600372249e-14,0.32394646955901973,2.723485477562626e-05,8.4065016402814425e-05,1.9698401525158893e-05,68,58,416,416,416,11,0,"ok"
oblique_north71_O,0,-0.75,0.20000000000000001,10,10,0.90000000000000002,1.2,O,cap_1pct,0.32397370441379536,2.4813484600372249e-14,0.32394427043662755,2.9433977167814263e-05,9.0852982099496945e-05,2.1289004220603758e-05,738,757,4574,4574,4574,5,0,"ok"
oblique_north71_O,0,-0.75,0.20000000000000001,10,10,0.90000000000000002,1.2,O,cap_0.1pct,0.32397370441379536,2.4813484600372249e-14,0.3239739293956766,2.2498188123609708e-07,6.9444488293636024e-07,1.6272246061710405e-07,7172,7485,45020,45020,45020,18,0,"ok"
oblique_north71_O,0,-0.75,0.20000000000000001,10,10,0.90000000000000002,1.2,O,thermal,0.32397370441379536,2.4813484600372249e-14,0.32397335005436345,3.5435943190886832e-07,1.0937907215341859e-06,2.5629732991472309e-07,274,197,1298,1692,1298,19,0,"ok"
oblique_north71_O,0,-0.75,0.20000000000000001,10,10,0.90000000000000002,1.2,O,event,0.32397370441379536,2.4813484600372249e-14,0.32397370431715761,9.6637753355111045e-11,2.982888797409326e-10,6.9895200738301355e-11,4438,142,853,36764,9180,0,472,"ok"
oblique_north71_O,0,-0.75,0.20000000000000001,10,10,0.90000000000000002,1.2,O,event_tight,0.32397370441379536,2.4813484600372249e-14,0.32397370441241308,1.3822831768095512e-12,4.2666523794290109e-12,9.9975583367495346e-13,6248,318,1909,44359,11880,0,472,"ok"
oblique_north71_E,0,-0.75,0.20000000000000001,10,10,0.90000000000000002,1.2,E,rk,1.2856785818574779,1.5536461006604441e-12,1.2855044060656815,0.00017417579179634934,0.00013547382234890289,4.8157341313359581e-05,134,90,806,806,806,44,0,"ok"
oblique_north71_E,0,-0.75,0.20000000000000001,10,10,0.90000000000000002,1.2,E,cap_1pct,1.2856785818574779,1.5536461006604441e-12,1.2854267134422583,0.00025186841521951386,0.00019590309644548033,6.9641046655521954e-05,790,789,4934,4934,4934,33,0,"ok"
oblique_north71_E,0,-0.75,0.20000000000000001,10,10,0.90000000000000002,1.2,E,cap_0.1pct,1.2856785818574779,1.5536461006604441e-12,1.2856767170820862,1.864775391657858e-06,1.4504211378894816e-06,5.1554172547652044e-07,7311,7541,45644,45644,45644,66,0,"ok"
oblique_north71_E,0,-0.75,0.20000000000000001,10,10,0.90000000000000002,1.2,E,thermal,1.2856785818574779,1.5536461006604441e-12,1.2856778131161546,7.6874132326487654e-07,5.97926522314964e-07,2.1252855053610631e-07,405,260,2006,2526,2006,74,0,"ok"
oblique_north71_E,0,-0.75,0.20000000000000001,10,10,0.90000000000000002,1.2,E,event,1.2856785818574779,1.5536461006604441e-12,1.2856785824565624,5.990845597381167e-10,4.6596759733882489e-10,1.6562468063696656e-10,4421,142,853,36824,9240,0,472,"ok"
oblique_north71_E,0,-0.75,0.20000000000000001,10,10,0.90000000000000002,1.2,E,event_tight,1.2856785818574779,1.5536461006604441e-12,1.2856785817749701,8.2507778387252984e-11,6.4174498627837667e-11,2.2810309197041079e-11,6273,318,1909,44449,11970,0,472,"ok"
turning72_O,0,-0.75,-0.20000000000000001,1,140,2.3999999999999999,1.2,O,rk,0.85294253374255879,1.7208456881689926e-14,0.85290259038372096,3.9943358837835063e-05,4.6830070324398964e-05,1.7022565726887429e-05,100,68,572,572,572,27,0,"ok"
turning72_O,0,-0.75,-0.20000000000000001,1,140,2.3999999999999999,1.2,O,cap_1pct,0.85294253374255879,1.7208456881689926e-14,0.85290448552129494,3.8048221263853321e-05,4.4608188428480112e-05,1.621490411363169e-05,636,650,4010,4010,4010,18,0,"ok"
turning72_O,0,-0.75,-0.20000000000000001,1,140,2.3999999999999999,1.2,O,cap_0.1pct,0.85294253374255879,1.7208456881689926e-14,0.85294518910174821,2.6553591894185047e-06,3.1131747853718411e-06,1.1316039737474526e-06,6120,6409,38594,38594,38594,23,0,"ok"
turning72_O,0,-0.75,-0.20000000000000001,1,140,2.3999999999999999,1.2,O,thermal,0.85294253374255879,1.7208456881689926e-14,0.85294188353673539,6.502058234048036e-07,7.6230906266547306e-07,2.7709121708241469e-07,226,146,1088,1380,1088,35,0,"ok"
turning72_O,0,-0.75,-0.20000000000000001,1,140,2.3999999999999999,1.2,O,event,0.85294253374255879,1.7208456881689926e-14,0.85294253258723629,1.1553225043314796e-09,1.3545138841442597e-09,4.9235115984203048e-10,4968,148,889,42335,10755,0,560,"ok"
turning72_O,0,-0.75,-0.20000000000000001,1,140,2.3999999999999999,1.2,O,event_tight,0.85294253374255879,1.7208456881689926e-14,0.85294253373864692,3.9118708272667391e-12,4.5863240165807559e-12,1.6670553826259038e-12,6999,340,2041,50434,13725,0,559,"ok"
turning72_E,0,-0.75,-0.20000000000000001,1,140,2.3999999999999999,1.2,E,rk,3.6596294411262091,9.2299501375237014e-12,3.6600104770119999,0.0003810358857907481,0.00010411870707693527,9.8067763018294674e-06,110,83,680,680,680,30,0,"ok"
turning72_E,0,-0.75,-0.20000000000000001,1,140,2.3999999999999999,1.2,E,cap_1pct,3.6596294411262091,9.2299501375237014e-12,3.6599332921482084,0.0003038510219992574,8.3027811117879381e-05,7.8205599690177319e-06,644,661,4136,4136,4136,28,0,"ok"
turning72_E,0,-0.75,-0.20000000000000001,1,140,2.3999999999999999,1.2,E,cap_0.1pct,3.6596294411262091,9.2299501375237014e-12,3.6596287747207068,6.6640550233643125e-07,1.820964425653305e-07,1.7154649412792766e-08,6140,6423,38738,38738,38738,33,0,"ok"
turning72_E,0,-0.75,-0.20000000000000001,1,140,2.3999999999999999,1.2,E,thermal,3.6596294411262091,9.2299501375237014e-12,3.6596305165770651,1.0754508559251974e-06,2.9386878459318539e-07,2.7684294717778002e-08,252,161,1280,1602,1280,52,0,"ok"
turning72_E,0,-0.75,-0.20000000000000001,1,140,2.3999999999999999,1.2,E,event,3.6596294411262091,9.2299501375237014e-12,3.659629449113603,7.9873938574337444e-09,2.1825690239762949e-09,2.0561189209566955e-10,4984,148,889,42395,10815,0,560,"ok"
turning72_E,0,-0.75,-0.20000000000000001,1,140,2.3999999999999999,1.2,E,event_tight,3.6596294411262091,9.2299501375237014e-12,3.6596294410175454,1.0866374466900197e-10,2.9692553964032472e-11,2.7972277272247936e-12,7018,340,2041,50524,13815,0,559,"ok"
inward_south73_O,1,-0.050000000000000003,-0.20000000000000001,1,300,3.1415926535897931,0,O,rk,3.6505605423221796,3.0075116539365269e-13,0,3.6505605423221796,1,0.97402343626638288,20,20,122,122,122,0,0,"ok"
inward_south73_O,1,-0.050000000000000003,-0.20000000000000001,1,300,3.1415926535897931,0,O,cap_1pct,3.6505605423221796,3.0075116539365269e-13,3.6506913138876378,0.00013077156545815427,3.5822324802472228e-05,3.3967737991143221e-06,390,388,2432,2432,2432,17,0,"ok"
inward_south73_O,1,-0.050000000000000003,-0.20000000000000001,1,300,3.1415926535897931,0,O,cap_0.1pct,3.6505605423221796,3.0075116539365269e-13,3.6505598828260486,6.5949613103910565e-07,1.8065612757091536e-07,1.7131448929591508e-08,3607,3664,22118,22118,22118,22,0,"ok"
inward_south73_O,1,-0.050000000000000003,-0.20000000000000001,1,300,3.1415926535897931,0,O,thermal,3.6505605423221796,3.0075116539365269e-13,3.6505596538295517,8.8849262791512729e-07,2.4338526032222517e-07,2.307999562994878e-08,293,210,1406,1826,1406,24,0,"ok"
inward_south73_O,1,-0.050000000000000003,-0.20000000000000001,1,300,3.1415926535897931,0,O,event,3.6505605423221796,3.0075116539365269e-13,3.6505605939573122,5.1635132614080703e-08,1.4144439467708368e-08,1.3413032767806143e-09,524,39,235,2545,930,0,17,"ok"
inward_south73_O,1,-0.050000000000000003,-0.20000000000000001,1,300,3.1415926535897931,0,O,event_tight,3.6505605423221796,3.0075116539365269e-13,3.6505605296047956,1.2717384034743873e-08,3.4836798040484333e-09,3.3035393864899731e-10,950,77,463,4326,1620,0,17,"ok"
inward_south73_E,1,-0.050000000000000003,-0.20000000000000001,1,300,3.1415926535897931,0,E,rk,19.92381708492012,3.3246452667859742e-13,0,19.92381708492012,1,0.9999999977756856,20,20,122,122,122,0,0,"ok"
inward_south73_E,1,-0.050000000000000003,-0.20000000000000001,1,300,3.1415926535897931,0,E,cap_1pct,19.92381708492012,3.3246452667859742e-13,19.923730142758338,8.6942161782843641e-05,4.3637301734037784e-06,1.9339511301407131e-13,405,393,2474,2474,2474,19,0,"ok"
inward_south73_E,1,-0.050000000000000003,-0.20000000000000001,1,300,3.1415926535897931,0,E,cap_0.1pct,19.92381708492012,3.3246452667859742e-13,19.923817841509063,7.5658894260755005e-07,3.7974095996905879e-08,1.6828910748622584e-15,3600,3668,22154,22154,22154,24,0,"ok"
inward_south73_E,1,-0.050000000000000003,-0.20000000000000001,1,300,3.1415926535897931,0,E,thermal,19.92381708492012,3.3246452667859742e-13,19.923817187101982,1.021818611945946e-07,5.1286287541724974e-09,2.2728457779782456e-16,293,214,1442,1870,1442,26,0,"ok"
inward_south73_E,1,-0.050000000000000003,-0.20000000000000001,1,300,3.1415926535897931,0,E,event,19.92381708492012,3.3246452667859742e-13,19.923817353196217,2.6827609644897166e-07,1.3465095333164029e-08,5.9673031570287948e-16,536,39,235,2545,930,0,17,"ok"
inward_south73_E,1,-0.050000000000000003,-0.20000000000000001,1,300,3.1415926535897931,0,E,event_tight,19.92381708492012,3.3246452667859742e-13,19.923817016024998,6.8895122495860051e-08,3.4579278760797892e-09,1.5324442119952069e-16,960,77,463,4356,1650,0,17,"ok"
inward_north74_O,1,-0.050000000000000003,0.20000000000000001,1,300,3.1415926535897931,0,O,rk,2.8249241373826579,6.6788374209261987e-13,0,2.8249241373826579,1,0.94068684368995414,20,20,122,122,122,0,0,"ok"
inward_north74_O,1,-0.050000000000000003,0.20000000000000001,1,300,3.1415926535897931,0,O,cap_1pct,2.8249241373826579,6.6788374209261987e-13,2.8247901257104866,0.00013401167217130805,4.7439033989589624e-05,7.9491878889476064e-06,400,380,2384,2384,2384,17,0,"ok"
inward_north74_O,1,-0.050000000000000003,0.20000000000000001,1,300,3.1415926535897931,0,O,cap_0.1pct,2.8249241373826579,6.6788374209261987e-13,2.8249245067245354,3.6934187752635239e-07,1.3074399862240342e-07,2.1906828469309136e-08,3559,3663,22124,22124,22124,24,0,"ok"
inward_north74_O,1,-0.050000000000000003,0.20000000000000001,1,300,3.1415926535897931,0,O,thermal,2.8249241373826579,6.6788374209261987e-13,2.8249226395183804,1.4978642774998718e-06,5.3023168221702039e-07,8.8843124558535269e-08,258,176,1208,1560,1208,25,0,"ok"
inward_north74_O,1,-0.050000000000000003,0.20000000000000001,1,300,3.1415926535897931,0,O,event,2.8249241373826579,6.6788374209261987e-13,2.8249241730251073,3.5642449436323886e-08,1.2617135081491868e-08,2.1140661374263736e-09,525,39,235,2529,930,0,17,"ok"
inward_north74_O,1,-0.050000000000000003,0.20000000000000001,1,300,3.1415926535897931,0,O,event_tight,2.8249241373826579,6.6788374209261987e-13,2.8249241344926945,2.8899633797152546e-09,1.0230233589185361e-09,1.7141284919253152e-10,961,77,463,4332,1620,0,17,"ok"
inward_north74_E,1,-0.050000000000000003,0.20000000000000001,1,300,3.1415926535897931,0,E,rk,19.469329062513015,2.9215694051672319e-13,0,19.469329062513015,1,0.99999999649588922,20,20,122,122,122,0,0,"ok"
inward_north74_E,1,-0.050000000000000003,0.20000000000000001,1,300,3.1415926535897931,0,E,cap_1pct,19.469329062513015,2.9215694051672319e-13,19.468100667352999,0.0012283951600160492,6.309386194418214e-05,4.3070775194604761e-12,389,387,2426,2426,2426,17,0,"ok"
inward_north74_E,1,-0.050000000000000003,0.20000000000000001,1,300,3.1415926535897931,0,E,cap_0.1pct,19.469329062513015,2.9215694051672319e-13,19.46930343794676,2.5624566255544323e-05,1.3161504525023842e-06,8.9792468083859271e-14,3631,3664,22100,22100,22100,19,0,"ok"
inward_north74_E,1,-0.050000000000000003,0.20000000000000001,1,300,3.1415926535897931,0,E,thermal,19.469329062513015,2.9215694051672319e-13,19.469323414201753,5.6483112622629505e-06,2.901132979018996e-07,1.979236401339116e-14,249,175,1184,1534,1184,22,0,"ok"
inward_north74_E,1,-0.050000000000000003,0.20000000000000001,1,300,3.1415926535897931,0,E,event,19.469329062513015,2.9215694051672319e-13,19.469329318210342,2.5569732642338749e-07,1.3133340424951614e-08,8.9599163151738213e-16,533,39,235,2559,960,0,17,"ok"
inward_north74_E,1,-0.050000000000000003,0.20000000000000001,1,300,3.1415926535897931,0,E,event_tight,19.469329062513015,2.9215694051672319e-13,19.469329044880844,1.7632171278592068e-08,9.0563836185509441e-10,6.1785080844588271e-17,987,77,463,4362,1650,0,17,"ok"
oblique_south75_O,0,-0.050000000000000003,-0.20000000000000001,1,10,1.2,0,O,rk,0.37385228540225612,2.6645352591003757e-14,0.37382869782865236,2.3587573603767176e-05,6.3093297874018637e-05,1.6230294707431092e-05,91,71,554,554,554,21,0,"ok"
oblique_south75_O,0,-0.050000000000000003,-0.20000000000000001,1,10,1.2,0,O,cap_1pct,0.37385228540225612,2.6645352591003757e-14,0.37410000520359676,0.00024771980134064009,0.00066261411528914288,0.00017042956985824365,808,790,4850,4850,4850,18,0,"ok"
oblique_south75_O,0,-0.050000000000000003,-0.20000000000000001,1,10,1.2,0,O,cap_0.1pct,0.37385228540225612,2.6645352591003757e-14,0.37385172478381279,5.6061844333488153e-07,1.4995720642222891e-06,3.857496301273855e-07,7586,7769,46742,46742,46742,21,0,"ok"
oblique_south75_O,0,-0.050000000000000003,-0.20000000000000001,1,10,1.2,0,O,thermal,0.37385228540225612,2.6645352591003757e-14,0.37385296813926017,6.8273700404297699e-07,1.8262212930124749e-06,4.6977652301549711e-07,311,218,1436,1872,1436,21,0,"ok"
oblique_south75_O,0,-0.050000000000000003,-0.20000000000000001,1,10,1.2,0,O,event,0.37385228540225612,2.6645352591003757e-14,0.37385228548798782,8.5731699517310744e-11,2.2931971493785435e-10,5.8990146101223218e-11,6593,151,907,59045,15165,0,852,"ok"
oblique_south75_O,0,-0.050000000000000003,-0.20000000000000001,1,10,1.2,0,O,event_tight,0.37385228540225612,2.6645352591003757e-14,0.37385228540483795,2.5818236437658015e-12,6.905999360115777e-12,1.7765788840051755e-12,8633,339,2035,66605,18165,0,852,"ok"
oblique_south75_E,0,-0.050000000000000003,-0.20000000000000001,1,10,1.2,0,E,rk,0.37408701144006518,2.6589841439772499e-14,0.37415492243220494,6.7910992139763593e-05,0.00018153795791609311,4.6715543282616068e-05,92,71,554,554,554,21,0,"ok"
oblique_south75_E,0,-0.050000000000000003,-0.20000000000000001,1,10,1.2,0,E,cap_1pct,0.37408701144006518,2.6589841439772499e-14,0.37433956123318535,0.00025254979312017145,0.00067510976162462688,0.00017371137300181694,780,790,4850,4850,4850,18,0,"ok"
oblique_south75_E,0,-0.050000000000000003,-0.20000000000000001,1,10,1.2,0,E,cap_0.1pct,0.37408701144006518,2.6589841439772499e-14,0.37408600527033453,1.0061697306440465e-06,2.6896676438210183e-06,6.9216166376229182e-07,7574,7769,46742,46742,46742,21,0,"ok"
oblique_south75_E,0,-0.050000000000000003,-0.20000000000000001,1,10,1.2,0,E,thermal,0.37408701144006518,2.6589841439772499e-14,0.37408695198201702,5.9458048151661558e-08,1.5894176042834276e-07,4.090220651065124e-08,299,216,1406,1838,1406,18,0,"ok"
oblique_south75_E,0,-0.050000000000000003,-0.20000000000000001,1,10,1.2,0,E,event,0.37408701144006518,2.6589841439772499e-14,0.37408701152624074,8.6175566682555882e-11,2.3036235968423247e-10,5.9281579645187321e-11,6561,151,907,59045,15165,0,852,"ok"
oblique_south75_E,0,-0.050000000000000003,-0.20000000000000001,1,10,1.2,0,E,event_tight,0.37408701144006518,2.6589841439772499e-14,0.3740870114426359,2.57072141351955e-12,6.8719878929328218e-12,1.7684742559254119e-12,8614,339,2035,66605,18165,0,852,"ok"
oblique_north76_O,0,-0.050000000000000003,0.20000000000000001,10,10,0.90000000000000002,0,O,rk,6.2815101741104407,3.9639402871216589e-12,3.2187585929932538e-11,6.2815101740782531,0.99999999999487577,0.99812942639947788,41,43,260,260,260,0,0,"ok"
oblique_north76_O,0,-0.050000000000000003,0.20000000000000001,10,10,0.90000000000000002,0,O,cap_1pct,6.2815101741104407,3.9639402871216589e-12,6.2814581932999332,5.1980810507501474e-05,8.2752091561903374e-06,9.7236457388943237e-08,763,774,4730,4730,4730,14,0,"ok"
oblique_north76_O,0,-0.050000000000000003,0.20000000000000001,10,10,0.90000000000000002,0,O,cap_0.1pct,6.2815101741104407,3.9639402871216589e-12,6.2815095117405741,6.6236986651091456e-07,1.0544755132944068e-07,1.2390119750495254e-09,7232,7494,45068,45068,45068,17,0,"ok"
oblique_north76_O,0,-0.050000000000000003,0.20000000000000001,10,10,0.90000000000000002,0,O,thermal,6.2815101741104407,3.9639402871216589e-12,6.2815090357526664,1.1383577742662965e-06,1.8122358202301338e-07,2.129383175862587e-09,321,232,1544,2008,1544,25,0,"ok"
oblique_north76_O,0,-0.050000000000000003,0.20000000000000001,10,10,0.90000000000000002,0,O,event,6.2815101741104407,3.9639402871216589e-12,6.2815102064172397,3.2306799013781529e-08,5.1431579537888231e-09,6.0432243410846187e-11,7778,142,853,73678,18225,0,1057,"ok"
oblique_north76_O,0,-0.050000000000000003,0.20000000000000001,10,10,0.90000000000000002,0,O,event_tight,6.2815101741104407,3.9639402871216589e-12,6.2815101745481057,4.3766501534037161e-10,6.9675126396233488e-11,8.1868474673119085e-13,9669,318,1909,80953,21075,0,1057,"ok"
oblique_north76_E,0,-0.050000000000000003,0.20000000000000001,10,10,0.90000000000000002,0,E,rk,9.5912230176776934,6.2048144400250749e-12,6.0194849105243975e-11,9.591223017617498,0.99999999999372391,0.99993167413298656,41,43,260,260,260,0,0,"ok"
oblique_north76_E,0,-0.050000000000000003,0.20000000000000001,10,10,0.90000000000000002,0,E,cap_1pct,9.5912230176776934,6.2048144400250749e-12,9.5912089815879575,1.403608973582493e-05,1.4634306500802715e-06,9.5903388630861047e-10,746,775,4766,4766,4766,19,0,"ok"
oblique_north76_E,0,-0.050000000000000003,0.20000000000000001,10,10,0.90000000000000002,0,E,cap_0.1pct,9.5912230176776934,6.2048144400250749e-12,9.5912238028636665,7.8518597312893235e-07,8.1865052213022992e-08,5.3648444058506869e-11,7227,7494,45110,45110,45110,24,0,"ok"
oblique_north76_E,0,-0.050000000000000003,0.20000000000000001,10,10,0.90000000000000002,0,E,thermal,9.5912230176776934,6.2048144400250749e-12,9.5912222532645082,7.6441318519471224e-07,7.9699240001594528e-08,5.2229167578311461e-11,319,230,1526,1986,1526,24,0,"ok"
oblique_north76_E,0,-0.050000000000000003,0.20000000000000001,10,10,0.90000000000000002,0,E,event,9.5912230176776934,6.2048144400250749e-12,9.5912230653291513,4.7651457890651727e-08,4.9682358342439515e-09,3.2558242262165429e-12,7831,142,853,73648,18195,0,1057,"ok"
oblique_north76_E,0,-0.050000000000000003,0.20000000000000001,10,10,0.90000000000000002,0,E,event_tight,9.5912230176776934,6.2048144400250749e-12,9.5912230183186864,6.4099303642706218e-10,6.6831209663839593e-11,4.3796373862606264e-14,9711,318,1909,81013,21135,0,1057,"ok"
turning77_O,0,-0.050000000000000003,-0.20000000000000001,1,140,2.3999999999999999,0,O,rk,13.501029508602334,2.4868995751603507e-13,13.500545030352948,0.00048447824938691042,3.5884541180968431e-05,6.6367716614710555e-10,135,99,824,824,824,38,0,"ok"
turning77_O,0,-0.050000000000000003,-0.20000000000000001,1,140,2.3999999999999999,0,O,cap_1pct,13.501029508602334,2.4868995751603507e-13,13.500566011679529,0.00046349692280500676,3.4330487353552146e-05,6.3492860069385809e-10,686,673,4208,4208,4208,28,0,"ok"
turning77_O,0,-0.050000000000000003,-0.20000000000000001,1,140,2.3999999999999999,0,O,cap_0.1pct,13.501029508602334,2.4868995751603507e-13,13.501030696952141,1.1883498061138198e-06,8.8019199228966144e-08,1.6275016066371977e-12,6206,6425,38774,38774,38774,37,0,"ok"
turning77_O,0,-0.050000000000000003,-0.20000000000000001,1,140,2.3999999999999999,0,O,thermal,13.501029508602334,2.4868995751603507e-13,13.501038420985752,8.9123834179360983e-06,6.6012620832044488e-07,1.2205886044865675e-11,535,372,2486,3230,2486,42,0,"ok"
turning77_O,0,-0.050000000000000003,-0.20000000000000001,1,140,2.3999999999999999,0,O,event,13.501029508602334,2.4868995751603507e-13,13.501029477669949,3.093238554185973e-08,2.2911130978678929e-09,4.2363399733099934e-14,9736,148,889,92736,23070,0,1367,"ok"
turning77_O,0,-0.050000000000000003,-0.20000000000000001,1,140,2.3999999999999999,0,O,event_tight,13.501029508602334,2.4868995751603507e-13,13.501029509074037,4.7170267691853951e-10,3.4938274641795928e-11,6.4601953513488287e-16,12197,340,2041,101145,27210,0,1367,"ok"
turning77_E,0,-0.050000000000000003,-0.20000000000000001,1,140,2.3999999999999999,0,E,rk,20.866208825674246,6.6791017161449417e-13,20.867059353811609,0.00085052813736297139,4.0761028726812255e-05,7.3692732046970449e-13,141,98,806,806,806,36,0,"ok"
turning77_E,0,-0.050000000000000003,-0.20000000000000001,1,140,2.3999999999999999,0,E,cap_1pct,20.866208825674246,6.6791017161449417e-13,20.866314657693479,0.00010583201923353158,5.0719332926120014e-06,9.1730708993460276e-14,673,674,4256,4256,4256,35,0,"ok"
turning77_E,0,-0.050000000000000003,-0.20000000000000001,1,140,2.3999999999999999,0,E,cap_0.1pct,20.866208825674246,6.6791017161449417e-13,20.866217052388453,8.2267142076375421e-06,3.9426013016390456e-07,7.1309152137416063e-15,6260,6429,38798,38798,38798,37,0,"ok"
turning77_E,0,-0.050000000000000003,-0.20000000000000001,1,140,2.3999999999999999,0,E,thermal,20.866208825674246,6.6791017161449417e-13,20.866224450425754,1.5624751508624968e-05,7.4880643815851818e-07,1.3543483253769254e-14,511,376,2456,3208,2456,33,0,"ok"
turning77_E,0,-0.050000000000000003,-0.20000000000000001,1,140,2.3999999999999999,0,E,event,20.866208825674246,6.6791017161449417e-13,20.866208770527741,5.5146504251979422e-08,2.6428617058660864e-09,4.7801183341771277e-17,9822,148,889,92766,23100,0,1367,"ok"
turning77_E,0,-0.050000000000000003,-0.20000000000000001,1,140,2.3999999999999999,0,E,event_tight,20.866208825674246,6.6791017161449417e-13,20.866208826396523,7.2227734904117824e-10,3.4614689955200302e-11,6.2607253292122596e-19,12061,340,2041,101145,27210,0,1367,"ok"
oblique_south78_O,0,-0.050000000000000003,-0.20000000000000001,1,10,1.2,1.2,O,rk,6.2902724156136962,9.3791641120333225e-13,6.2901640939463057,0.00010832166739049853,1.7220504969168393e-05,2.0086684521724782e-07,103,81,626,626,626,23,0,"ok"
oblique_south78_O,0,-0.050000000000000003,-0.20000000000000001,1,10,1.2,1.2,O,cap_1pct,6.2902724156136962,9.3791641120333225e-13,6.2901951314953148,7.7284118381371059e-05,1.2286291161180339e-05,1.4330998133766509e-07,806,803,4964,4964,4964,24,0,"ok"
oblique_south78_O,0,-0.050000000000000003,-0.20000000000000001,1,10,1.2,1.2,O,cap_0.1pct,6.2902724156136962,9.3791641120333225e-13,6.290273966246386,1.5506326898062639e-06,2.4651280379483852e-07,2.8752658014913335e-09,7512,7778,46820,46820,46820,25,0,"ok"
oblique_south78_O,0,-0.050000000000000003,-0.20000000000000001,1,10,1.2,1.2,O,thermal,6.2902724156136962,9.3791641120333225e-13,6.290271185259658,1.2303540382063716e-06,1.9559630440684736e-07,2.2813912232879513e-09,314,230,1526,1986,1526,24,0,"ok"
oblique_south78_O,0,-0.050000000000000003,-0.20000000000000001,1,10,1.2,1.2,O,event,6.2902724156136962,9.3791641120333225e-13,6.2902724190442827,3.4305864815564746e-09,5.4537963618890055e-10,6.3611811131070173e-12,3320,151,907,24092,6735,0,289,"ok"
oblique_south78_O,0,-0.050000000000000003,-0.20000000000000001,1,10,1.2,1.2,O,event_tight,6.2902724156136962,9.3791641120333225e-13,6.2902724155351457,7.8550499438279076e-11,1.2487614883466931e-11,1.4565280405387515e-13,5426,339,2035,32229,9765,0,289,"ok"
oblique_south78_E,0,-0.050000000000000003,-0.20000000000000001,1,10,1.2,1.2,E,rk,17.129329607561207,2.3838708784751361e-12,17.129331334524064,1.7269628571625617e-06,1.0081905694664478e-07,6.2821643617645315e-14,109,85,662,662,662,25,0,"ok"
oblique_south78_E,0,-0.050000000000000003,-0.20000000000000001,1,10,1.2,1.2,E,cap_1pct,17.129329607561207,2.3838708784751361e-12,17.129210109316162,0.00011949824504497997,6.9762359521782574e-06,4.3472453236107584e-12,795,808,4976,4976,4976,21,0,"ok"
oblique_south78_E,0,-0.050000000000000003,-0.20000000000000001,1,10,1.2,1.2,E,cap_0.1pct,17.129329607561207,2.3838708784751361e-12,17.129328630113299,9.7744790750198263e-07,5.706282323334585e-08,3.5556622931341218e-14,7512,7777,46796,46796,46796,22,0,"ok"
oblique_south78_E,0,-0.050000000000000003,-0.20000000000000001,1,10,1.2,1.2,E,thermal,17.129329607561207,2.3838708784751361e-12,17.129330699167941,1.0916067338939683e-06,6.3727347123504048e-08,3.97093375268491e-14,322,232,1544,2008,1544,25,0,"ok"
oblique_south78_E,0,-0.050000000000000003,-0.20000000000000001,1,10,1.2,1.2,E,event,17.129329607561207,2.3838708784751361e-12,17.129329616659604,9.0983967027113977e-09,5.3115894849120047e-10,3.3097221476132178e-16,3329,151,907,24092,6735,0,289,"ok"
oblique_south78_E,0,-0.050000000000000003,-0.20000000000000001,1,10,1.2,1.2,E,event_tight,17.129329607561207,2.3838708784751361e-12,17.129329607359722,2.0148505086581281e-10,1.1762576556228653e-11,7.3294157972608634e-18,5404,339,2035,32259,9795,0,289,"ok"
oblique_north79_O,0,-0.050000000000000003,0.20000000000000001,10,10,0.90000000000000002,1.2,O,rk,0.55092500914752784,3.6561864646955655e-12,0,0.55092500914752784,1,0.42358362671664651,41,43,260,260,260,0,0,"ok"
oblique_north79_O,0,-0.050000000000000003,0.20000000000000001,10,10,0.90000000000000002,1.2,O,cap_1pct,0.55092500914752784,3.6561864646955655e-12,0.5508176215911148,0.0001073875564130411,0.0001949222755002662,6.1903269564234087e-05,740,773,4730,4730,4730,15,0,"ok"
oblique_north79_O,0,-0.050000000000000003,0.20000000000000001,10,10,0.90000000000000002,1.2,O,cap_0.1pct,0.55092500914752784,3.6561864646955655e-12,0.55092435478166224,6.5436586560441157e-07,1.1877585056756502e-06,3.7718732237568275e-07,7188,7500,45104,45104,45104,17,0,"ok"
oblique_north79_O,0,-0.050000000000000003,0.20000000000000001,10,10,0.90000000000000002,1.2,O,thermal,0.55092500914752784,3.6561864646955655e-12,0.55092430453749119,7.0461003665034383e-07,1.2789581611853491e-06,4.0614890495227485e-07,304,222,1448,1892,1448,19,0,"ok"
oblique_north79_O,0,-0.050000000000000003,0.20000000000000001,10,10,0.90000000000000002,1.2,O,event,0.55092500914752784,3.6561864646955655e-12,0.55092500754255025,1.6049775952708956e-09,2.9132414913498897e-09,9.2513530169924252e-10,4411,142,853,36887,9255,0,473,"ok"
oblique_north79_O,0,-0.050000000000000003,0.20000000000000001,10,10,0.90000000000000002,1.2,O,event_tight,0.55092500914752784,3.6561864646955655e-12,0.55092500906316155,8.4366291730475496e-11,1.5313570872562026e-10,4.8630099946933569e-11,6263,318,1909,44525,11985,0,473,"ok"
oblique_north79_E,0,-0.050000000000000003,0.20000000000000001,10,10,0.90000000000000002,1.2,E,rk,21.624217628236778,1.7358914305987128e-10,0,21.624217628236778,1,0.99999999959381713,41,43,260,260,260,0,0,"ok"
oblique_north79_E,0,-0.050000000000000003,0.20000000000000001,10,10,0.90000000000000002,1.2,E,cap_1pct,21.624217628236778,1.7358914305987128e-10,21.624349080112474,0.00013145187569563177,6.0789193836073252e-06,5.3389991528295297e-14,778,784,4862,4862,4862,26,0,"ok"
oblique_north79_E,0,-0.050000000000000003,0.20000000000000001,10,10,0.90000000000000002,1.2,E,cap_0.1pct,21.624217628236778,1.7358914305987128e-10,21.624229567669349,1.193943257149499e-05,5.5213246447837022e-07,4.8495640897192356e-15,7234,7515,45236,45236,45236,24,0,"ok"
oblique_north79_E,0,-0.050000000000000003,0.20000000000000001,10,10,0.90000000000000002,1.2,E,thermal,21.624217628236778,1.7358914305987128e-10,21.624234027968672,1.6399731894267688e-05,7.5839654299691349e-07,6.6612356184555194e-15,315,233,1544,2010,1544,24,0,"ok"
oblique_north79_E,0,-0.050000000000000003,0.20000000000000001,10,10,0.90000000000000002,1.2,E,event,21.624217628236778,1.7358914305987128e-10,21.624217632443415,4.2066368166615575e-09,1.9453359603487136e-10,1.7086638228625717e-18,4399,142,853,36887,9255,0,473,"ok"
oblique_north79_E,0,-0.050000000000000003,0.20000000000000001,10,10,0.90000000000000002,1.2,E,event_tight,21.624217628236778,1.7358914305987128e-10,21.624217623902453,4.3343248989913263e-09,2.0043846087321975e-10,1.7605285642575293e-18,6281,318,1909,44555,12015,0,473,"ok"
turning80_O,0,-0.050000000000000003,-0.20000000000000001,1,140,2.3999999999999999,1.2,O,rk,22.16197560371268,9.5283780865429435e-12,21.925914956805009,0.2360606469076707,0.01065160665857446,6.3163720235047759e-11,99,79,590,590,590,19,0,"ok"
turning80_O,0,-0.050000000000000003,-0.20000000000000001,1,140,2.3999999999999999,1.2,O,cap_1pct,22.16197560371268,9.5283780865429435e-12,22.161940664494082,3.4939218597429544e-05,1.5765389883190901e-06,8.2889030906952599e-15,657,667,4178,4178,4178,29,0,"ok"
turning80_O,0,-0.050000000000000003,-0.20000000000000001,1,140,2.3999999999999999,1.2,O,cap_0.1pct,22.16197560371268,9.5283780865429435e-12,22.161968961298399,6.6424142808330089e-06,2.9972121617714625e-07,1.575809405261748e-15,6119,6429,38810,38810,38810,39,0,"ok"
turning80_O,0,-0.050000000000000003,-0.20000000000000001,1,140,2.3999999999999999,1.2,O,thermal,22.16197560371268,9.5283780865429435e-12,22.161986470151621,1.086643894154804e-05,4.9031905529792401e-07,2.5778709451696848e-15,776,579,3692,4850,3692,36,0,"ok"
turning80_O,0,-0.050000000000000003,-0.20000000000000001,1,140,2.3999999999999999,1.2,O,event,22.16197560371268,9.5283780865429435e-12,22.161975302489342,3.0122333782856003e-07,1.3591899170672207e-08,7.1460322077527241e-17,5158,148,889,43337,11325,0,568,"ok"
turning80_O,0,-0.050000000000000003,-0.20000000000000001,1,140,2.3999999999999999,1.2,O,event_tight,22.16197560371268,9.5283780865429435e-12,22.16197560464779,9.3510976739707985e-10,4.2194332496261107e-11,2.2183950052906511e-19,7290,340,2041,52126,14985,0,567,"ok"
turning80_E,0,-0.050000000000000003,-0.20000000000000001,1,140,2.3999999999999999,1.2,E,rk,113.06563156239345,3.6520191315503325e-09,58.349186101330773,54.716445461062676,0.48393525693851791,4.5632099693098167e-26,97,77,602,602,602,23,0,"ok"
turning80_E,0,-0.050000000000000003,-0.20000000000000001,1,140,2.3999999999999999,1.2,E,cap_1pct,113.06563156239345,3.6520191315503325e-09,113.07205402362015,0.0064224612267054226,5.6802948322641181e-05,5.0411281445945141e-52,682,684,4334,4334,4334,38,0,"ok"
turning80_E,0,-0.050000000000000003,-0.20000000000000001,1,140,2.3999999999999999,1.2,E,cap_0.1pct,113.06563156239345,3.6520191315503325e-09,113.0656764370337,4.4874640252601239e-05,3.9689019229364929e-07,3.5335509288998293e-54,6167,6440,38906,38906,38906,44,0,"ok"
turning80_E,0,-0.050000000000000003,-0.20000000000000001,1,140,2.3999999999999999,1.2,E,thermal,113.06563156239345,3.6520191315503325e-09,113.06558073571287,5.0826680578097694e-05,4.4953254031088844e-07,4.0024222474768101e-54,799,586,3812,4984,3812,49,0,"ok"
turning80_E,0,-0.050000000000000003,-0.20000000000000001,1,140,2.3999999999999999,1.2,E,event,113.06563156239345,3.6520191315503325e-09,113.06562938454496,2.1778484864398706e-06,1.9261807998994458e-08,1.7149373337957895e-55,5138,148,889,43397,11385,0,568,"ok"
turning80_E,0,-0.050000000000000003,-0.20000000000000001,1,140,2.3999999999999999,1.2,E,event_tight,113.06563156239345,3.6520191315503325e-09,113.06563151623149,4.6161957811818866e-08,4.0827577022240512e-10,3.6349994567091413e-57,7446,340,2041,52366,15225,0,567,"ok"
positive_carriers_O,1,0.20000000000000001,0.20000000000000001,1,10,0,0,O,rk,0.46171523920447488,6.9982236096158572e-13,0.46179946600601729,8.422680154240858e-05,0.00018242153256091241,5.3077644198928908e-05,53,50,392,392,392,15,0,"ok"
positive_carriers_O,1,0.20000000000000001,0.20000000000000001,1,10,0,0,O,cap_1pct,0.46171523920447488,6.9982236096158572e-13,0.46171474786495525,4.9133951962598843e-07,1.0641613659374889e-06,3.0964311159564772e-07,563,734,4508,4508,4508,17,0,"ok"
positive_carriers_O,1,0.20000000000000001,0.20000000000000001,1,10,0,0,O,cap_0.1pct,0.46171523920447488,6.9982236096158572e-13,0.46171555791063346,3.1870615857521045e-07,6.9026562589602651e-07,2.0084915353102417e-07,5322,7173,43136,43136,43136,16,0,"ok"
positive_carriers_O,1,0.20000000000000001,0.20000000000000001,1,10,0,0,O,thermal,0.46171523920447488,6.9982236096158572e-13,0.46171848412366467,3.2449191897931939e-06,7.0279664049731553e-06,2.0449505028219406e-06,211,191,1316,1698,1316,28,0,"ok"
positive_carriers_O,1,0.20000000000000001,0.20000000000000001,1,10,0,0,O,event,0.46171523920447488,6.9982236096158572e-13,0.46171523405684234,5.1476325424459901e-09,1.1148933596636851e-08,3.2440471420258632e-09,945,86,517,5116,1605,0,10,"ok"
positive_carriers_O,1,0.20000000000000001,0.20000000000000001,1,10,0,0,O,event_tight,0.46171523920447488,6.9982236096158572e-13,0.46171523898524486,2.1923002302415284e-10,4.7481651981399037e-10,1.3815915078652097e-10,1545,151,907,7754,2655,0,10,"ok"
positive_carriers_E,1,0.20000000000000001,0.20000000000000001,1,10,0,0,E,rk,4.6623500810787393,1.1382067920442342e-13,4.6616017720778373,0.00074830900090194774,0.00016050038883583999,7.0698558606169248e-06,79,70,590,590,590,28,0,"ok"
positive_carriers_E,1,0.20000000000000001,0.20000000000000001,1,10,0,0,E,cap_1pct,4.6623500810787393,1.1382067920442342e-13,4.6617217187104192,0.00062836236832009007,0.0001347737422957961,5.9362708680343879e-06,585,749,4682,4682,4682,31,0,"ok"
positive_carriers_E,1,0.20000000000000001,0.20000000000000001,1,10,0,0,E,cap_0.1pct,4.6623500810787393,1.1382067920442342e-13,4.6623434922926652,6.5887860740687643e-06,1.413189906268107e-06,6.2226292322012378e-08,5430,7209,43556,43556,43556,50,0,"ok"
positive_carriers_E,1,0.20000000000000001,0.20000000000000001,1,10,0,0,E,thermal,4.6623500810787393,1.1382067920442342e-13,4.6623419901491614,8.0909295778752721e-06,1.7353758163100559e-06,7.6413002571273925e-08,277,224,1670,2118,1670,54,0,"ok"
positive_carriers_E,1,0.20000000000000001,0.20000000000000001,1,10,0,0,E,event,4.6623500810787393,1.1382067920442342e-13,4.6623500219628129,5.911592637630747e-08,1.2679426758667953e-08,5.58305107006829e-10,964,86,517,5206,1695,0,10,"ok"
positive_carriers_E,1,0.20000000000000001,0.20000000000000001,1,10,0,0,E,event_tight,4.6623500810787393,1.1382067920442342e-13,4.6623500796057975,1.4729417685543922e-09,3.1592260189384881e-10,1.3910818677520531e-11,1562,151,907,7814,2715,0,10,"ok"
inside_layer_O,1,-0.20000000000000001,-0.20000000000000001,1,90,0,0,O,rk,0.46171523920447416,7.3577466658474405e-13,7.0469341473256009e-10,0.46171523849978074,0.99999999847374887,0.369798228144399,17,22,134,134,134,0,0,"ok"
inside_layer_O,1,-0.20000000000000001,-0.20000000000000001,1,90,0,0,O,cap_1pct,0.46171523920447416,7.3577466658474405e-13,0.46163390239026669,8.1336814207466634e-05,0.00017616229073921902,5.126068903571479e-05,358,491,3038,3038,3038,15,0,"ok"
inside_layer_O,1,-0.20000000000000001,-0.20000000000000001,1,90,0,0,O,cap_0.1pct,0.46171523920447416,7.3577466658474405e-13,0.46171593367381381,6.9446933964600888e-07,1.5041074685829413e-06,4.3765565582720711e-07,3385,4751,28610,28610,28610,17,0,"ok"
inside_layer_O,1,-0.20000000000000001,-0.20000000000000001,1,90,0,0,O,thermal,0.46171523920447416,7.3577466658474405e-13,0.46171522714299429,1.2061479870428826e-08,2.6123200722615324e-08,7.6011660299357686e-09,145,130,926,1186,926,24,0,"ok"
inside_layer_O,1,-0.20000000000000001,-0.20000000000000001,1,90,0,0,O,event,0.46171523920447416,7.3577466658474405e-13,0.46171523931030678,1.0583262044505659e-10,2.2921621696395384e-10,6.6695871048239042e-11,685,55,331,4049,1185,0,8,"ok"
inside_layer_O,1,-0.20000000000000001,-0.20000000000000001,1,90,0,0,O,event_tight,0.46171523920447416,7.3577466658474405e-13,0.46171523920612484,1.6506795930126827e-12,3.5751031216919971e-12,1.0402789740737717e-12,944,84,505,5315,1725,0,8,"ok"
inside_layer_E,1,-0.20000000000000001,-0.20000000000000001,1,90,0,0,E,rk,4.6623500810787375,6.3064021284667072e-13,3.565921891102164e-09,4.6623500775128157,0.99999999923516647,0.9905557548659335,16,22,134,134,134,0,0,"ok"
inside_layer_E,1,-0.20000000000000001,-0.20000000000000001,1,90,0,0,E,cap_1pct,4.6623500810787375,6.3064021284667072e-13,4.6616696965195903,0.00068038455914720686,0.00014593167551025789,6.4279026106960763e-06,389,509,3218,3218,3218,27,0,"ok"
inside_layer_E,1,-0.20000000000000001,-0.20000000000000001,1,90,0,0,E,cap_0.1pct,4.6623500810787375,6.3064021284667072e-13,4.6623467391177886,3.341960948866074e-06,7.1679751428979734e-07,3.1562339252583227e-08,3451,4784,29036,29036,29036,55,0,"ok"
inside_layer_E,1,-0.20000000000000001,-0.20000000000000001,1,90,0,0,E,thermal,4.6623500810787375,6.3064021284667072e-13,4.662347057645384,3.0234333534551183e-06,6.4847840700018395e-07,2.8554078121065252e-08,219,168,1352,1688,1352,57,0,"ok"
inside_layer_E,1,-0.20000000000000001,-0.20000000000000001,1,90,0,0,E,event,4.6623500810787375,6.3064021284667072e-13,4.6623500809913727,8.7364782075383118e-11,1.8738357385460284e-11,8.2509346577275267e-13,684,55,331,4109,1245,0,8,"ok"
inside_layer_E,1,-0.20000000000000001,-0.20000000000000001,1,90,0,0,E,event_tight,4.6623500810787375,6.3064021284667072e-13,4.6623500811155365,3.6799008285015589e-11,7.8928024805252994e-12,3.4753797062414549e-13,969,84,505,5375,1785,0,8,"ok"
partial_layer81_O,1,-0.20000000000000001,-0.20000000000000001,1,95.285892902037006,0,0,O,rk,0.13621606689645913,7.3704948401757187e-14,0.13620700327558322,9.0636208759098391e-06,6.6538559528365324e-05,7.9094414038305416e-06,21,27,164,164,164,0,0,"ok"
partial_layer81_O,1,-0.20000000000000001,-0.20000000000000001,1,95.285892902037006,0,0,O,cap_1pct,0.13621606689645913,7.3704948401757187e-14,0.13620700327558322,9.0636208759098391e-06,6.6538559528365324e-05,7.9094414038305416e-06,335,476,2858,2858,2858,0,0,"ok"
partial_layer81_O,1,-0.20000000000000001,-0.20000000000000001,1,95.285892902037006,0,0,O,cap_0.1pct,0.13621606689645913,7.3704948401757187e-14,0.13621601925176852,4.7644690609471851e-08,3.4977291368783715e-07,4.157733368703731e-08,3313,4680,28094,28094,28094,2,0,"ok"
partial_layer81_O,1,-0.20000000000000001,-0.20000000000000001,1,95.285892902037006,0,0,O,thermal,0.13621606689645913,7.3704948401757187e-14,0.13621536115553023,7.0574092889130746e-07,5.1810402764584075e-06,6.1586790456313878e-07,91,94,596,784,596,5,0,"ok"
partial_layer81_O,1,-0.20000000000000001,-0.20000000000000001,1,95.285892902037006,0,0,O,event,0.13621606689645913,7.3704948401757187e-14,0.13621606689842786,1.9687307339921745e-12,1.4452999406367023e-11,1.7180701306074297e-12,597,54,325,3189,990,0,5,"ok"
partial_layer81_O,1,-0.20000000000000001,-0.20000000000000001,1,95.285892902037006,0,0,O,event_tight,0.13621606689645913,7.3704948401757187e-14,0.13621606689658686,1.2773115898312426e-13,9.3770993314772157e-13,1.1146639167236572e-13,865,82,493,4720,1530,0,5,"ok"
partial_layer81_E,1,-0.20000000000000001,-0.20000000000000001,1,95.285892902037006,0,0,E,rk,2.2077738398845819,1.4859015774233921e-13,2.2074439415197613,0.00032989836482055779,0.00014942579663766839,3.6276702668508465e-05,46,45,350,350,350,13,0,"ok"
partial_layer81_E,1,-0.20000000000000001,-0.20000000000000001,1,95.285892902037006,0,0,E,cap_1pct,2.2077738398845819,1.4859015774233921e-13,2.2074439415197613,0.00032989836482055779,0.00014942579663766839,3.6276702668508465e-05,370,494,3044,3044,3044,13,0,"ok"
partial_layer81_E,1,-0.20000000000000001,-0.20000000000000001,1,95.285892902037006,0,0,E,cap_0.1pct,2.2077738398845819,1.4859015774233921e-13,2.2077715919671923,2.2479173895639804e-06,1.018182817892931e-06,2.4714785135104833e-07,3399,4717,28496,28496,28496,32,0,"ok"
partial_layer81_E,1,-0.20000000000000001,-0.20000000000000001,1,95.285892902037006,0,0,E,thermal,2.2077738398845819,1.4859015774233921e-13,2.2077714306306806,2.4092539012698921e-06,1.0912593752790562e-06,2.6488605668617549e-07,157,133,1010,1276,1010,35,0,"ok"
partial_layer81_E,1,-0.20000000000000001,-0.20000000000000001,1,95.285892902037006,0,0,E,event,2.2077738398845819,1.4859015774233921e-13,2.2077738399742035,8.9621643439841137e-11,4.0593670339225681e-11,9.8534652659409971e-12,617,54,325,3279,1080,0,5,"ok"
partial_layer81_E,1,-0.20000000000000001,-0.20000000000000001,1,95.285892902037006,0,0,E,event_tight,2.2077738398845819,1.4859015774233921e-13,2.2077738398851565,5.7465143754598103e-13,2.6028546364876879e-13,6.3185567888979222e-14,866,82,493,4720,1530,0,5,"ok"
partial_layer82_O,1,-0.001,-0.20000000000000001,1,94.09973265244264,0,0,O,rk,25.188426564876,1.3165767651197151e-12,25.188425773778118,7.9109788231335187e-07,3.1407197280694706e-08,9.0998813306846063e-18,30,35,230,230,230,3,0,"ok"
partial_layer82_O,1,-0.001,-0.20000000000000001,1,94.09973265244264,0,0,O,cap_1pct,25.188426564876,1.3165767651197151e-12,25.188425773778118,7.9109788231335187e-07,3.1407197280694706e-08,9.0998813306846063e-18,349,486,2936,2936,2936,3,0,"ok"
partial_layer82_O,1,-0.001,-0.20000000000000001,1,94.09973265244264,0,0,O,cap_0.1pct,25.188426564876,1.3165767651197151e-12,25.188426570647835,5.7718345658486214e-09,2.2914629268257492e-10,6.6392527417923577e-20,3371,4721,28352,28352,28352,4,0,"ok"
partial_layer82_O,1,-0.001,-0.20000000000000001,1,94.09973265244264,0,0,O,thermal,25.188426564876,1.3165767651197151e-12,25.188426559782965,5.0930353268086037e-09,2.0219743832314585e-10,5.8584406108930423e-20,188,186,1124,1496,1124,1,0,"ok"
partial_layer82_O,1,-0.001,-0.20000000000000001,1,94.09973265244264,0,0,O,event,25.188426564876,1.3165767651197151e-12,25.188426564868539,7.460698725481052e-12,2.9619550495800414e-13,8.5819988552376621e-23,640,54,325,3553,1170,0,6,"ok"
partial_layer82_O,1,-0.001,-0.20000000000000001,1,94.09973265244264,0,0,O,event_tight,25.188426564876,1.3165767651197151e-12,25.188426564868532,7.467804152838653e-12,2.9647759591510697e-13,8.5902383496205146e-23,907,82,493,4817,1680,0,6,"ok"
partial_layer82_E,1,-0.001,-0.20000000000000001,1,94.09973265244264,0,0,E,rk,154.90062170798583,2.3213928860847321e-12,154.90061746965807,4.2383277616409032e-06,2.736159296785055e-08,2.263133680965508e-73,30,35,230,230,230,3,0,"ok"
partial_layer82_E,1,-0.001,-0.20000000000000001,1,94.09973265244264,0,0,E,cap_1pct,154.90062170798583,2.3213928860847321e-12,154.90061746965807,4.2383277616409032e-06,2.736159296785055e-08,2.263133680965508e-73,344,487,2942,2942,2942,3,0,"ok"
partial_layer82_E,1,-0.001,-0.20000000000000001,1,94.09973265244264,0,0,E,cap_0.1pct,154.90062170798583,2.3213928860847321e-12,154.90062174255607,3.4570234674902167e-08,2.2317686200170953e-10,1.8459378303481467e-75,3333,4721,28352,28352,28352,4,0,"ok"
partial_layer82_E,1,-0.001,-0.20000000000000001,1,94.09973265244264,0,0,E,thermal,154.90062170798583,2.3213928860847321e-12,154.90062167607729,3.1908541586744832e-08,2.0599363149683085e-10,1.7038121427927822e-75,202,186,1124,1496,1124,1,0,"ok"
partial_layer82_E,1,-0.001,-0.20000000000000001,1,94.09973265244264,0,0,E,event,154.90062170798583,2.3213928860847321e-12,154.90062170794008,4.5758952182950452e-11,2.9540844754783425e-13,2.4433767478315388e-78,628,54,325,3553,1170,0,6,"ok"
partial_layer82_E,1,-0.001,-0.20000000000000001,1,94.09973265244264,0,0,E,event_tight,154.90062170798583,2.3213928860847321e-12,154.90062170794002,4.581579560181126e-11,2.9577541456342163e-13,2.4464076297402176e-78,907,82,493,4817,1680,0,6,"ok"
partial_layer83_O,1,-0.20000000000000001,0,1,92.161278638550186,0,0,O,rk,0.0082559531159298247,1.2784998137317195e-16,0.0082210870063299524,3.4866109599872297e-05,0.0042231477226534015,3.4580044453003111e-05,15,26,164,164,164,1,0,"ok"
partial_layer83_O,1,-0.20000000000000001,0,1,92.161278638550186,0,0,O,cap_1pct,0.0082559531159298247,1.2784998137317195e-16,0.0082210870063299524,3.4866109599872297e-05,0.0042231477226534015,3.4580044453003111e-05,252,480,2888,2888,2888,1,0,"ok"
partial_layer83_O,1,-0.20000000000000001,0,1,92.161278638550186,0,0,O,cap_0.1pct,0.0082559531159298247,1.2784998137317195e-16,0.0082549492670764835,1.0038488533412049e-06,0.00012159091012814535,9.9559574162633169e-07,2388,4721,28358,28358,28358,5,0,"ok"
partial_layer83_O,1,-0.20000000000000001,0,1,92.161278638550186,0,0,O,thermal,0.0082559531159298247,1.2784998137317195e-16,0.0082549492670764835,1.0038488533412049e-06,0.00012159091012814535,9.9559574162633169e-07,71,102,644,848,644,5,0,"ok"
partial_layer83_O,1,-0.20000000000000001,0,1,92.161278638550186,0,0,O,event,0.0082559531159298247,1.2784998137317195e-16,0.0082559531159334433,3.6186331708876196e-15,4.383059254425129e-13,3.5527136788005009e-15,421,55,331,2668,855,0,4,"ok"
partial_layer83_O,1,-0.20000000000000001,0,1,92.161278638550186,0,0,O,event_tight,0.0082559531159298247,1.2784998137317195e-16,0.0082559531159319376,2.112893193739751e-15,2.5592359405032633e-13,1.9984014443252818e-15,630,83,499,3961,1335,0,4,"ok"
partial_layer83_E,1,-0.20000000000000001,0,1,92.161278638550186,0,0,E,rk,2.633956003434311,3.8600477531384377e-14,2.6337383072958436,0.00021769613846744917,8.2649876529298052e-05,1.563095240238177e-05,62,60,512,512,512,25,0,"ok"
partial_layer83_E,1,-0.20000000000000001,0,1,92.161278638550186,0,0,E,cap_1pct,2.633956003434311,3.8600477531384377e-14,2.6337383072958436,0.00021769613846744917,8.2649876529298052e-05,1.563095240238177e-05,280,514,3236,3236,3236,25,0,"ok"
partial_layer83_E,1,-0.20000000000000001,0,1,92.161278638550186,0,0,E,cap_0.1pct,2.633956003434311,3.8600477531384377e-14,2.6339529140627906,3.0893715203816896e-06,1.1729017175509312e-06,2.2179831966895325e-07,2431,4789,29060,29060,29060,54,0,"ok"
partial_layer83_E,1,-0.20000000000000001,0,1,92.161278638550186,0,0,E,thermal,2.633956003434311,3.8600477531384377e-14,2.6339529140627906,3.0893715203816896e-06,1.1729017175509312e-06,2.2179831966895325e-07,167,170,1346,1686,1346,54,0,"ok"
partial_layer83_E,1,-0.20000000000000001,0,1,92.161278638550186,0,0,E,event,2.633956003434311,3.8600477531384377e-14,2.6339560034391551,4.844125101044483e-12,1.8391063080508634e-12,3.4777736246383029e-13,439,55,331,2698,885,0,4,"ok"
partial_layer83_E,1,-0.20000000000000001,0,1,92.161278638550186,0,0,E,event_tight,2.633956003434311,3.8600477531384377e-14,2.6339560034397334,5.4223292522692645e-12,2.0586255978457135e-12,3.8928582579700333e-13,627,83,499,3961,1335,0,4,"ok"
partial_layer84_O,1,-0.001,0,1,92.323279964195621,0,0,O,rk,0.00022159834090831158,6.8619646665938539e-15,0.00014362062175932166,7.7977719148989913e-05,0.35188764874938272,7.7963480997977896e-05,19,25,230,230,230,13,0,"ok"
partial_layer84_O,1,-0.001,0,1,92.323279964195621,0,0,O,cap_1pct,0.00022159834090831158,6.8619646665938539e-15,0.00014362062175932166,7.7977719148989913e-05,0.35188764874938272,7.7963480997977896e-05,269,479,2954,2954,2954,13,0,"ok"
partial_layer84_O,1,-0.001,0,1,92.323279964195621,0,0,O,cap_0.1pct,0.00022159834090831158,6.8619646665938539e-15,0.00022139176466928756,2.0657623902401736e-07,0.00093221022403543283,2.0653048848906508e-07,2366,4718,28364,28364,28364,9,0,"ok"
partial_layer84_O,1,-0.001,0,1,92.323279964195621,0,0,O,thermal,0.00022159834090831158,6.8619646665938539e-15,0.00022106268018950992,5.3566071880165891e-07,0.002417259608560398,5.3554217382956182e-07,141,214,1292,1720,1292,1,0,"ok"
partial_layer84_O,1,-0.001,0,1,92.323279964195621,0,0,O,event,0.00022159834090831158,6.8619646665938539e-15,0.00022159834092560241,1.7290829141744513e-14,7.8027791502729511e-11,1.7319479184152442e-14,457,55,331,2914,945,0,6,"ok"
partial_layer84_O,1,-0.001,0,1,92.323279964195621,0,0,O,event_tight,0.00022159834090831158,6.8619646665938539e-15,0.00022159834092560241,1.7290829141744513e-14,7.8027791502729511e-11,1.7319479184152442e-14,647,83,499,4145,1365,0,6,"ok"
partial_layer84_E,1,-0.001,0,1,92.323279964195621,0,0,E,rk,873.45154356979447,1.2914070230021268e-11,873.35220464227393,0.099338927520534526,0.00011373146942363461,0,60,62,584,584,584,35,0,"ok"
partial_layer84_E,1,-0.001,0,1,92.323279964195621,0,0,E,cap_1pct,873.45154356979447,1.2914070230021268e-11,873.35220464227393,0.099338927520534526,0.00011373146942363461,0,292,516,3308,3308,3308,35,0,"ok"
partial_layer84_E,1,-0.001,0,1,92.323279964195621,0,0,E,cap_0.1pct,873.45154356979447,1.2914070230021268e-11,4905.2142341933895,4031.7626906235951,4.6158973789728392,0,1790099,541981,17099462,17099462,17099462,2307929,0,"ok"
partial_layer84_E,1,-0.001,0,1,92.323279964195621,0,0,E,thermal,873.45154356979447,1.2914070230021268e-11,4905.212470752318,4031.7609271825236,4.6158953600387784,0,1877050,537469,17072342,18147280,17072342,2307921,0,"ok"
partial_layer84_E,1,-0.001,0,1,92.323279964195621,0,0,E,event,873.45154356979447,1.2914070230021268e-11,873.45154376425501,1.9446054011496017e-07,2.2263460583079444e-10,0,441,55,331,2914,945,0,6,"ok"
partial_layer84_E,1,-0.001,0,1,92.323279964195621,0,0,E,event_tight,873.45154356979447,1.2914070230021268e-11,873.45154403158165,4.6178718093869975e-07,5.2869238635880891e-10,0,671,83,499,4205,1425,0,6,"ok"
hard_cold_O,1,-0.0050000000000000001,0,100,10,0,0,O,rk,0.0030173117145025946,5.720282450957285e-14,0,0.0030173117145025946,1,0.0030127642044129876,18,33,200,200,200,0,0,"ok"
hard_cold_O,1,-0.0050000000000000001,0,100,10,0,0,O,cap_1pct,0.0030173117145025946,5.720282450957285e-14,0,0.0030173117145025946,1,0.0030127642044129876,366,721,4328,4328,4328,0,0,"ok"
hard_cold_O,1,-0.0050000000000000001,0,100,10,0,0,O,cap_0.1pct,0.0030173117145025946,5.720282450957285e-14,2.7755575615628914e-15,0.0030173117144998191,0.99999999999908007,0.0030127642044102121,3710,7161,42968,42968,42968,0,0,"ok"
hard_cold_O,1,-0.0050000000000000001,0,100,10,0,0,O,thermal,0.0030173117145025946,5.720282450957285e-14,0.0030181810461139547,8.6933161136002954e-07,0.00028811461778430783,8.667121434990932e-07,527,663,3992,5318,3992,2,0,"ok"
hard_cold_O,1,-0.0050000000000000001,0,100,10,0,0,O,event,0.0030173117145025946,5.720282450957285e-14,0.0030173116458347398,6.8667854822429542e-11,2.2757958513991144e-08,6.8461014635090578e-11,720,86,517,4596,1635,0,10,"ok"
hard_cold_O,1,-0.0050000000000000001,0,100,10,0,0,O,event_tight,0.0030173117145025946,5.720282450957285e-14,0.0030173117172927859,2.7901912551253627e-12,9.2472754528954164e-10,2.7817748105007922e-12,1208,151,907,7571,2700,0,10,"ok"
hard_cold_E,1,-0.0050000000000000001,0,100,10,0,0,E,rk,241.3846950084141,3.5996043814997791e-12,0,241.3846950084141,1,1,17,33,200,200,200,0,0,"ok"
hard_cold_E,1,-0.0050000000000000001,0,100,10,0,0,E,cap_1pct,241.3846950084141,3.5996043814997791e-12,0,241.3846950084141,1,1,373,721,4328,4328,4328,0,0,"ok"
hard_cold_E,1,-0.0050000000000000001,0,100,10,0,0,E,cap_0.1pct,241.3846950084141,3.5996043814997791e-12,3.3641978092191493e-12,241.38469500841074,0.99999999999998612,0.9999999999966358,3730,7161,42968,42968,42968,0,0,"ok"
hard_cold_E,1,-0.0050000000000000001,0,100,10,0,0,E,thermal,241.3846950084141,3.5996043814997791e-12,279.79261554052539,38.407920532111291,0.15911497839899286,1.4721733170853082e-105,301146,72388,2970014,3114790,2970014,422614,0,"ok"
hard_cold_E,1,-0.0050000000000000001,0,100,10,0,0,E,event,241.3846950084141,3.5996043814997791e-12,241.38468951784293,5.4905711692754267e-06,2.2746144568461718e-08,8.0830945613070176e-111,727,86,517,4626,1665,0,10,"ok"
hard_cold_E,1,-0.0050000000000000001,0,100,10,0,0,E,event_tight,241.3846950084141,3.5996043814997791e-12,241.38469523121805,2.2280394773588341e-07,9.2302433560718082e-10,3.2800599012033082e-112,1235,151,907,7631,2760,0,10,"ok"
inward_surface_O,0,-0.20000000000000001,0.20000000000000001,10,30,2.9900000000000002,0.40000000000000008,O,rk,4.2450216177679574e-52,0,0,4.2450216177679574e-52,4.2450216177679574e-52,0,12,11,68,68,68,0,0,"ok"
inward_surface_O,0,-0.20000000000000001,0.20000000000000001,10,30,2.9900000000000002,0.40000000000000008,O,cap_1pct,4.2450216177679574e-52,0,0,4.2450216177679574e-52,4.2450216177679574e-52,0,138,134,806,806,806,0,0,"ok"
inward_surface_O,0,-0.20000000000000001,0.20000000000000001,10,30,2.9900000000000002,0.40000000000000008,O,cap_0.1pct,4.2450216177679574e-52,0,0,4.2450216177679574e-52,4.2450216177679574e-52,0,1336,1323,7940,7940,7940,0,0,"ok"
inward_surface_O,0,-0.20000000000000001,0.20000000000000001,10,30,2.9900000000000002,0.40000000000000008,O,thermal,4.2450216177679574e-52,0,0,4.2450216177679574e-52,4.2450216177679574e-52,0,38,26,158,210,158,0,0,"ok"
inward_surface_O,0,-0.20000000000000001,0.20000000000000001,10,30,2.9900000000000002,0.40000000000000008,O,event,4.2450216177679574e-52,0,4.2450216178818478e-52,1.1389043301562714e-62,1.1389043301562714e-62,0,2197,26,157,22324,5055,0,334,"ok"
inward_surface_O,0,-0.20000000000000001,0.20000000000000001,10,30,2.9900000000000002,0.40000000000000008,O,event_tight,4.2450216177679574e-52,0,4.2450216177720405e-52,4.0830941306767135e-64,4.0830941306767135e-64,0,2513,59,355,22825,5550,0,318,"ok"
inward_surface_E,0,-0.20000000000000001,0.20000000000000001,10,30,2.9900000000000002,0.40000000000000008,E,rk,4.9326806438732931e-52,0,0,4.9326806438732931e-52,4.9326806438732931e-52,0,12,11,68,68,68,0,0,"ok"
inward_surface_E,0,-0.20000000000000001,0.20000000000000001,10,30,2.9900000000000002,0.40000000000000008,E,cap_1pct,4.9326806438732931e-52,0,0,4.9326806438732931e-52,4.9326806438732931e-52,0,133,134,806,806,806,0,0,"ok"
inward_surface_E,0,-0.20000000000000001,0.20000000000000001,10,30,2.9900000000000002,0.40000000000000008,E,cap_0.1pct,4.9326806438732931e-52,0,0,4.9326806438732931e-52,4.9326806438732931e-52,0,1350,1323,7940,7940,7940,0,0,"ok"
inward_surface_E,0,-0.20000000000000001,0.20000000000000001,10,30,2.9900000000000002,0.40000000000000008,E,thermal,4.9326806438732931e-52,0,0,4.9326806438732931e-52,4.9326806438732931e-52,0,34,26,158,210,158,0,0,"ok"
inward_surface_E,0,-0.20000000000000001,0.20000000000000001,10,30,2.9900000000000002,0.40000000000000008,E,event,4.9326806438732931e-52,0,4.9326806440053223e-52,1.3202919293371876e-62,1.3202919293371876e-62,0,2255,26,157,22324,5055,0,334,"ok"
inward_surface_E,0,-0.20000000000000001,0.20000000000000001,10,30,2.9900000000000002,0.40000000000000008,E,event_tight,4.9326806438732931e-52,0,4.9326806438780275e-52,4.7344307307374247e-64,4.7344307307374247e-64,0,2531,59,355,22825,5550,0,318,"ok"
